trackName,endTime,artistName,msPlayed,uri,duracion_ms,popularidad,danceability,loudness,energy,liveness
+,2023-02-20 10:38,Aitana,881413,5Cbo7oz78gqkzV3EAM63VA,219367,61,0.561,-4.243,0.666,0.123
"1 step forward, 3 steps back",2022-06-28 20:39,Olivia Rodrigo,3136670,4wcBRRpIfesgcyUtis7PEg,163586,79,0.473,-12.627,0.203,0.126
10 mil,2022-08-26 15:40,Benjamín Amadeo,625004,0zdTOCAaRAlT99a3MQztg6,241546,43,0.695,-5.203,0.756,0.0739
11 Besos,2023-03-24 18:59,Morat,118727,5T1MmDTBxXdCzIK0d76fQs,118727,61,0.741,-9.879,0.191,0.127
22,2023-03-07 18:03,TINI,560205,0ZrDGZ2g2nZXz4rjO3oKrl,161213,0,0.76,-6.288,0.773,0.294
23,2022-09-21 16:50,Morat,3695687,6iHkZiRJcULoqasbboOgig,220613,53,0.833,-7.707,0.524,0.339
23 Preguntas,2022-12-21 01:24,Anuel AA,5628856,5ANkjNH7elrxzggidjnH9v,251221,76,0.777,-6.234,0.594,0.103
24 Horas,2023-01-21 10:49,Eslabon Armado,3379492,0T8lt51Lvj1OAj750PH6X9,317362,69,0.495,-10.145,0.452,0.0821
2:50,2023-01-18 11:40,MYA,186422,5xlxSHnvXwT66JWYwDkEFE,185142,50,0.794,-3.726,0.824,0.319
4U,2023-03-27 10:00,PRETTYMUCH,54357,17rOGXD67XqmQn4QnZOYe0,204626,39,0.401,-9.042,0.573,0.074
512,2022-08-18 14:47,Mora,370802,5jzEwSyyymBlf1fa1o39T2,193636,78,0.818,-7.542,0.673,0.172
7 Years,2023-05-11 01:34,Lukas Graham,260073,34jE97kETT7KynsR9dweWU,237353,0,0.74,-7.792,0.449,0.342
8 Letters - Nora En Pure Remix,2022-10-05 15:28,Why Don't We,24234,6yuyTFjqd3iMAAXoXt2WCm,210000,0,0.728,-5.306,0.936,0.103
8TEEN,2022-10-20 11:17,Khalid,228600,5bgwqaRSS3M8WHWruHgSL5,228600,79,0.83,-5.802,0.585,0.0576
911 (Remix),2022-08-19 14:14,Sech,853,27RSJHEA99Y0Vsow7nA37A,208631,75,0.816,-3.728,0.71,0.292
A Better Life,2023-03-28 15:36,Grace VanderWaal,9706,1rEkvyg3rdnTvmhEASyQmg,244160,33,0.398,-7.767,0.39,0.209
A Drop in the Ocean,2022-10-10 19:32,Ron Pope,195925,5JDcQAztvZTIkrWoZihgvC,220239,68,0.447,-8.65,0.393,0.28
A Little Too Much,2022-10-07 14:06,Shawn Mendes,187026,06DaCxeg3IUMcxDkKEyQKf,187026,0,0.553,-6.24,0.507,0.108
A Million Dreams,2022-12-28 02:19,Ziv Zaifman,676130,0RoA7ObU6phWpqhlC9zH4Z,269453,75,0.265,-11.689,0.312,0.0893
A Million Dreams (Reprise),2023-02-25 14:04,Austyn Johnson,1493,66y7x28jXOPrcmu3D5Zjh6,60453,64,0.253,-17.067,0.139,0.269
A New Family,2023-03-23 09:53,Patrick Doyle,2367,0SQDuQAIXGIabiOod0EiZu,135333,0,0.159,-22.986,0.0705,0.112
A Tu Merced,2022-06-02 01:07,Bad Bunny,2561069,4r9jkMEnArtWGH2rL2FZl0,175918,81,0.86,-4.784,0.791,0.106
AM,2022-10-09 17:43,Nio Garcia,1602,2dNhNlpZAtV4lwAFW45LIv,182496,69,0.83,-6.416,0.517,0.0916
ANDRÓMEDA,2022-06-03 22:40,WOS,6874372,4Pa73QAWSryyKavXNyVbUA,171475,0,0.666,-5.067,0.836,0.119
ANIMAL,2022-06-23 22:25,ACRU,920596,06b0Au6pvZiO03eKTCvgWh,170981,56,0.617,-4.86,0.876,0.111
ARRANCARMELO,2022-06-02 13:27,WOS,19957917,2x8oBuYaObjqHqgGuIUZ0b,183547,80,0.654,-7.358,0.354,0.134
Abcdefg,2023-01-23 11:37,ROSALÍA,811560,5EbsCDXjzmwtHm70q87VHt,65961,49,0.627,-17.881,0.167,0.301
Acuérdate De Mí,2022-06-27 23:46,Morat,3329279,6vJSBlhgcGFTnHn3UsHgpt,221063,70,0.328,-6.124,0.518,0.262
Además de Mí - Remix,2022-06-14 13:36,Rusherking,987365,7I8L3vYCLThw2FDrE6LuzE,330040,71,0.397,-5.077,0.613,0.192
Adrenalina (feat. Maikel Delacalle),2023-01-12 13:24,Piso 21,1088,1XOOL9ZGgMOzi1BjY1ZLoD,201115,37,0.7,-8.786,0.579,0.107
Ai Ai Ai - Felguk & Cat Dealers Remix,2023-01-18 08:56,Vanessa Da Mata,3583,56yFJewuZr1kKfYu2O35nx,200322,64,0.575,-3.831,0.913,0.295
Aire,2022-12-18 14:10,Axel,97854,7vhesMGuUU7By3RWmS73wO,211266,28,0.482,-5.71,0.632,0.0989
Algo contigo,2023-01-20 23:36,Rita Payés,6444267,3HMuJG1y7pyjg7Rrk17Rsb,297664,71,0.602,-10.708,0.189,0.102
Alive,2023-03-23 09:57,Khalid,1855,12VqHHz4wvVcnEdSivjLeQ,177413,56,0.386,-10.419,0.406,0.171
All This Love,2023-03-23 09:53,JP Cooper,2048,10unIjOu5Jurco3SDbV4HZ,193597,58,0.621,-7.056,0.524,0.0925
All of the Stars,2023-05-12 10:03,Ed Sheeran,641896,3SZLtkoHoECHHuOnNkNCuS,234986,67,0.436,-6.106,0.562,0.198
Aloha,2023-04-26 14:12,Maluma,780285,5RAIMjdrCEjpjaR5tBATXU,241659,71,0.807,-5.757,0.712,0.163
Always On The Run,2023-03-23 09:41,Lenny Kravitz,44953,3xxBAMUVusDLjLFwwL9qoY,233066,62,0.52,-8.075,0.875,0.0709
Amapolas - Remix,2022-10-10 02:44,Leo Rizzi,267338,44QxiGlmeSpF8boud04Rkc,267338,67,0.694,-7.798,0.582,0.111
American Teen,2022-07-17 19:53,Khalid,501492,312WNtMs3F28cUukaPY9bo,250746,68,0.658,-6.934,0.623,0.321
Amor Con Hielo,2022-06-21 15:22,Morat,1885494,3HD9bDMbauNapHay7GOBoM,203690,0,0.645,-5.23,0.806,0.108
Angels Like You,2022-06-28 18:59,Miley Cyrus,476893,1daDRI9ahBonbWD8YcxOIB,196453,93,0.672,-4.035,0.642,0.1
Another Love,2022-10-13 17:28,Tom Odell,244360,3JvKfv6T31zO0ini8iNItO,244360,93,0.445,-8.532,0.537,0.0944
Another Sad Love Song,2022-07-17 19:57,Khalid,759152,52Qu0no0NBho3zyRmjlsHn,244746,65,0.834,-7.777,0.472,0.0836
Antes De Los Veinte,2022-06-21 15:18,Morat,2668576,3I6eB0vl9crGd9u8axNTrp,213801,0,0.634,-5.475,0.791,0.312
Años Luz,2023-01-01 14:38,Nicki Nicole,1216881,4SQFu2eDYHTD9DdRVG3vU3,193246,58,0.604,-8.371,0.161,0.0677
Aprender A Quererte,2022-06-21 15:10,Morat,4068699,59zFBL3hnDA023j3mSwCSo,229213,0,0.632,-5.218,0.864,0.218
Aquí Estaré,2023-01-25 17:09,Sebastian Yatra,492015,6fXnEtRl3ZeAMg9kSqcN3G,215133,46,0.352,-6.212,0.41,0.109
"Asan: Bzrp Music Sessions, Vol. 35",2022-07-12 16:52,Bizarrap,1322,5ZoYsrmeVPyJI4rhdBBJi1,154181,1,0.68,-8.402,0.576,0.109
Aura,2022-07-25 14:17,Ozuna,6111228,1AVu7Kc2MRrLfOG1RCEf07,187653,53,0.527,-5.267,0.486,0.119
Ayer Me Llamó Mi Ex – Remix,2022-06-02 01:15,KHEA,2232705,59nnGpAU3AiL2tD0o2It11,256253,63,0.784,-4.972,0.691,0.119
BICI,2022-11-01 14:11,Duki,248966,3TBZtPqL5tuOk5QYH9WvvK,248966,58,0.761,-4.525,0.751,0.152
BIEN O MAL,2022-06-02 21:26,Trueno,1276890,4n0MBJuHpZ9dnD1BtsOIxB,176629,64,0.75,-4.992,0.64,0.122
Baby I'm Yours,2022-10-20 11:32,Breakbot,222669,0tZkVZ9DeAa0MNK2gY5NtV,215506,70,0.829,-3.755,0.792,0.122
Bad Reputation,2023-05-11 10:36,Shawn Mendes,656524,4IqpjoA1UfQ7FiJfMckYra,198213,0,0.557,-5.719,0.687,0.244
Baila Conmigo (with Rauw Alejandro),2022-09-10 14:58,Selena Gomez,1685,079Ey5uxL04AKPQgVQwx5h,186087,74,0.823,-7.132,0.544,0.0966
Bailar (feat. Elvis Crespo) - Radio Edit,2022-10-09 02:26,Deorro,72042,45sGyAtAxD6efaN0bJAFgh,137661,61,0.799,-9.043,0.738,0.0603
Bajo El Agua,2022-08-26 23:39,Manuel Medrano,699274,5QSYWruQQ7kBCHScI4xJ9g,225838,75,0.616,-8.504,0.454,0.105
Bajo La Mesa,2022-07-04 17:08,Morat,2045341,7BEPdOI0neT6p7PnLViqmH,157080,69,0.716,-5.398,0.624,0.128
Bajo el Sol,2022-09-13 19:29,Joaco Terán,249827,49ezUAnq94bom9uqxfLmnr,203805,39,0.66,-9.085,0.408,0.1
Banana Pancakes,2023-05-11 01:33,Jack Johnson,331113,0BgbobvykXxEvxo2HhCuvM,191906,73,0.814,-8.017,0.373,0.0931
Bandido,2022-10-09 17:43,Myke Towers,233770,3FiuYGuoADvGBeARUH3XXh,232853,54,0.713,-4.637,0.617,0.0962
Bar,2022-06-02 00:57,TINI,919093,0lJE8f0lx8mUSfMyxeYpiC,160212,70,0.523,-3.802,0.691,0.327
Barrio Prendido - Remix,2022-10-27 13:18,DJ Alex,6292,3xmGbDqvhgv3D1vsAcISJK,208806,37,0.8,-7.683,0.588,0.0474
Beautiful,2022-06-23 23:37,Tan Bionica,5891422,1OilOIju6R9ia8vilNjChh,178242,0,0.666,-5.743,0.677,0.0979
Belispeak II,2023-01-12 13:24,Purity Ring,12274,0gsJKBMCq82pUfHDrEoo67,210322,0,0.672,-3.507,0.934,0.303
Bella y Sensual,2023-01-09 17:54,Romeo Santos,754010,0ERbK7qVqveCaBWIiYCrl3,204700,75,0.635,-6.909,0.713,0.0506
Besos En Guerra,2022-06-28 16:31,Morat,3298598,1d0c62VFYauOOgxZ2eFUxx,229442,0,0.686,-3.583,0.97,0.105
Best Day Of My Life,2022-07-25 14:28,American Authors,777839,5Hroj5K7vLpIG4FNCRIjbP,194240,82,0.673,-2.392,0.902,0.0558
Better,2022-10-10 01:56,Khalid,548560,339Y993TrFyWyO438be0RY,229400,60,0.692,-9.543,0.552,0.136
Better Days (NEIKED x Mae Muller x Polo G),2022-09-09 22:36,NEIKED,160656,6f5ExP43esnvdKPddwKXJH,160656,80,0.717,-5.077,0.671,0.0921
Billionaire (feat. Bruno Mars),2023-05-30 17:54,Travie McCoy,14118,2M9ULmQwTaTGmAdXaXpfz5,211160,75,0.633,-6.403,0.673,0.206
Blowin' in the Wind,2022-09-08 23:44,Bob Dylan,49619,18GiV1BaXzPVYpp9rmOg0E,165426,71,0.38,-20.567,0.0993,0.0605
Bolivia,2022-06-23 22:47,La Bomba de Tiempo,1229941,2MuDW3QK1SAk35OnTnDLLp,240799,46,0.737,-9.817,0.598,0.591
Bonita,2022-09-12 14:58,Cabas,713477,6HNsJQihjxODgGWQafAJau,237335,64,0.716,-8.316,0.552,0.232
Breaking Me - HUGEL Remix,2022-10-07 14:21,Topic,80110,0XX5PxqMoXAPxBZ0qYqSwI,171904,65,0.85,-5.229,0.585,0.261
Budapest,2022-07-25 13:24,George Ezra,3169230,2ixsaeFioXJmMgkkbd4uj1,200733,82,0.717,-8.303,0.455,0.11
Burned,2023-01-12 13:34,Grace VanderWaal,191533,4mz7WAJCJz7QbXsFA2WoXK,191533,61,0.586,-7.729,0.449,0.0681
Burning Love,2023-03-29 19:03,Elvis Presley,3035944,7akmE0AToGj8eLidXVWoI6,176840,51,0.648,-4.551,0.953,0.22
Butterfly Fly Away,2022-11-18 15:00,Miley Cyrus,361744,2ZTCl6wQMDSMfY4s8GHZdj,189240,66,0.607,-12.632,0.281,0.29
By Your Side,2023-03-29 19:36,Sade,54121,1Z9DSDnta5xcbLPeUxrQvD,183527,23,0.562,-8.103,0.57,0.197
CAMBIANDO LA PIEL,2022-06-09 22:14,WOS,5415183,2y2iEADc8O0Vv5IKHSs21i,158121,65,0.744,-3.728,0.748,0.0985
CANGURO,2022-06-03 22:47,WOS,3180708,2UAWYufVaO3EnUUNzl0ppO,196745,68,0.602,-4.358,0.751,0.667
CONTANDO OVEJAS,2022-06-21 19:09,WOS,5306280,47DL8jY6HJD2mlCcTuOWKX,203468,66,0.459,-3.982,0.85,0.373
CONVOY JARANA,2022-06-06 13:51,WOS,4238786,09ZM0SFVkQauSIR5I3aj0g,158123,52,0.742,-2.068,0.831,0.081
CULPA,2022-06-03 22:43,WOS,7078264,0BTJ7QpDRjinzAy8KQMAp8,215717,64,0.485,-3.399,0.941,0.241
Cae el Sol,2022-09-11 16:00,Airbag,286564,2nBOPYRoAYOwv6go12SQDs,281386,66,0.47,-4.583,0.789,0.108
Call Me Home,2023-01-15 15:45,Galantis,0,29W10ucu2eUqLy9eGbE05g,205133,33,0.568,-4.327,0.845,0.891
Callaita,2022-08-17 13:47,Bad Bunny,759641,2TH65lNHgvLxCKXM3apjxI,250533,79,0.61,-4.773,0.624,0.243
Can't Help Falling in Love,2023-05-12 09:58,Elvis Presley,85758,6VrAgFXBbRX2PkT92lAoKK,135714,59,0.608,-7.201,0.269,0.337
Cancion Sin Nombre Numero 157,2022-09-11 23:12,Joshua Dietrich,167695,3iUoXG9YOSC7ydx5FGcw3w,166928,0,0.729,-6.528,0.405,0.122
Candy Paint,2022-08-29 15:07,Post Malone,419118,32lItqlMi4LBhb4k0BaSaC,227533,78,0.664,-5.941,0.667,0.0753
Caraluna,2022-09-10 16:35,Bacilos,825559,4XTMj7kd8DHLl0r7ghmEAr,266160,64,0.76,-5.314,0.773,0.1
Carne y Hueso,2022-06-02 01:07,TINI,6012553,3yeFTYLMz4nOtyPXWEMKsW,178309,67,0.582,-8.014,0.382,0.303
Casa De Chapa,2022-07-08 17:40,Tiago PZK,6506255,6cF2qsUsTxrgR3g9YGHT2u,153806,50,0.447,-6.099,0.68,0.108
Castle on the Hill,2023-03-02 19:57,Ed Sheeran,261153,6PCUP3dWmTjcTtXY02oFdT,261153,82,0.461,-4.868,0.834,0.14
Cayó la Noche X Soy Peor,2022-06-02 21:30,Giuliano Cobuzzi,1121702,0A10irhFqhj5BWWc1q6boi,151891,42,0.715,-9.314,0.637,0.232
Chachachá,2022-09-11 14:28,Jósean Log,433434,6aommJFM8i3iT4inKuDSXh,215986,79,0.68,-10.944,0.321,0.125
Chamaquita,2022-09-24 15:30,Quevedo,6034164,667CH2wRxXnQOfPD1NrlLJ,170699,63,0.686,-6.099,0.692,0.111
Chambea,2022-08-19 13:19,Bad Bunny,32148,6ElmxV9B2mSNscEjP27M7i,191999,0,0.854,-3.455,0.868,0.152
Chico Estrella,2022-10-20 14:34,Duki,189988,1VYaM9VSix6jth7nXiHvo2,170309,53,0.718,-4.279,0.725,0.17
Chino,2022-09-11 14:00,Mancha De Rolando,616896,3i22RR1yUia5ShKujgQcX3,202360,61,0.694,-6.914,0.735,0.223
Chiquetere (feat. Rafa Villalba),2022-11-29 13:02,Paskman,334496,1pdsBkhNchpGCQTGoNQXZI,163488,64,0.851,-6.939,0.729,0.302
Cigarette Break,2023-03-25 21:41,Gavin James,2121,6N4giKsqtwFjeEc1alG68f,245789,40,0.446,-6.224,0.527,0.113
Circles,2022-08-11 16:39,Post Malone,3097510,21jGcNKet2qwijlDFuPiPb,215280,89,0.695,-3.497,0.762,0.0863
Claramente,2022-06-23 23:03,Chano,2030523,73vVORScUIi8QuYSO7dC47,160800,36,0.466,-8.611,0.462,0.0704
Clearly,2023-01-12 13:42,Grace VanderWaal,41241,5XBqGcLYOZi8CEW83Ug7Fs,251906,54,0.663,-6.152,0.673,0.248
Cleopatra,2022-09-01 12:21,The Lumineers,4621242,5bzf1xrbqr1ttjAJuRz2xY,201413,71,0.536,-6.765,0.775,0.0947
Colapso,2022-07-17 20:18,Kevin Kaarl,452680,7dT9D6117e5DbhnKxDLNW9,235470,79,0.544,-17.237,0.216,0.112
Colocao,2023-03-02 20:11,Nicki Nicole,566514,7MCFjPDImfjQv7GynHgVrR,179966,64,0.811,-3.773,0.712,0.106
Come Alive,2023-02-25 14:05,Hugh Jackman,4842,5xNUR50KxswPRAvx7S163g,225933,69,0.702,-9.411,0.77,0.211
Come Down,2022-07-17 20:03,Noah Kahan,358026,4QjtXlzepoVp3YXMvwxyyr,179013,56,0.809,-7.359,0.592,0.0926
Come True,2022-09-08 23:23,khai dreams,203520,7hqL3TkHYyamoTR8mTHbKc,203520,0,0.871,-5.572,0.676,0.0545
Come and Get Your Love - Single Version,2022-10-11 17:58,Redbone,205933,7GVUmCP00eSsqc4tzj1sDD,205933,82,0.731,-7.621,0.804,0.0685
Como + Nadie,2022-08-22 13:37,MYA,587324,3TSB6v3t9nmizD5PzyiiFv,183956,50,0.805,-4.038,0.678,0.106
Como Mirarte,2023-01-12 09:40,Sebastian Yatra,1621045,0CXEPVeQDLgDBfvcsQpXq1,228080,72,0.347,-7.321,0.354,0.31
Complicated,2023-05-12 10:23,Avril Lavigne,7742,44dKnQdajXTe2fM7eGTCMJ,199245,0,0.772,-5.74,0.803,0.187
Con Altura,2022-08-19 14:14,ROSALÍA,19050,2qG5sZ7Si6sdK74qLxedYM,161626,78,0.882,-4.027,0.689,0.0501
Congratulations (feat. Bilal),2022-11-23 12:55,Mac Miller,3784822,1OubIZ0ARYCUq5kceYUQiO,256426,81,0.465,-12.637,0.225,0.18
Consejo de Amor,2022-06-27 23:57,TINI,2238658,3za3hxbolwmy9AeUpWzuRE,199720,15,0.475,-6.712,0.717,0.101
Contando Lunares (feat. Cruz Cafuné),2023-01-23 11:44,Don Patricio,216853,6uW0PIRcyZLvkoonm763xD,219666,70,0.856,-10.481,0.523,0.0537
Corazon Vacio - Remix,2023-03-16 21:19,Saigo,2301814,4fNvMSpz4E8Eq4PmjxiiZY,265970,53,0.613,-4.164,0.753,0.0942
Corazón (feat. Nego do Borel),2023-01-13 11:46,Maluma,9685,5cepAtqnEQ6yVG6088zMMu,184720,73,0.722,-6.073,0.738,0.198
Count on Me,2023-03-23 09:45,Bruno Mars,197469,3B5UbSndRz907IZhhmUfLi,197469,71,0.589,-5.972,0.389,0.0772
Cozy,2023-03-23 09:53,Jacob Sartorius,11285,6c4RrBGXMbzuhj8XwzzWWW,145577,19,0.758,-5.911,0.592,0.0554
Crazy Rap (Colt 45 & 2 Zig Zags),2022-06-22 13:54,Afroman,2388704,1ACZpHI5vZ5Ea4xGlkdGWM,328666,75,0.927,-7.797,0.367,0.132
Creep,2023-06-01 09:57,Radiohead,133539,1ytTeSRAU6IRo2itVDwtPv,238640,0,0.515,-9.935,0.43,0.129
Crimen,2022-09-10 22:32,Gustavo Cerati,369895,3oqWr0jDWNXxWufNogGREp,232026,75,0.537,-8.406,0.502,0.199
Cristina,2023-01-18 11:18,Sebastian Yatra,604878,1Kjer1JoWuJGNwGV6Pbgv1,202040,62,0.649,-4.368,0.502,0.166
Cristina (feat. Shelow Shaq),2022-08-18 14:03,Maffio,88193,2egI1hFZDAYrkCgtepoore,186893,60,0.861,-4.205,0.599,0.0921
"Cuando Amanezca (feat. Danny Ocean, Justin Quiles, Feid)",2023-03-23 09:57,Nibal,4053,0yx82WHSiVRekLwqfxQkvJ,187492,52,0.695,-5.146,0.805,0.0687
Cuando El Amor Se Escapa,2022-11-28 22:06,Morat,2154,7ad3XBdqiGoGIuJ836YWr5,176121,64,0.665,-6.365,0.631,0.305
Cuando Nadie Ve,2022-06-28 13:09,Morat,3887190,71iAechwVKGu26pahzFL0k,219586,81,0.806,-4.577,0.778,0.218
Cuerpo en Venta,2023-02-07 13:02,Noriel,2497,2B94bbI1a4LyBpK1439oP7,254413,66,0.696,-5.749,0.601,0.0974
Cuánto Me Duele,2022-06-28 13:15,Morat,1686862,3TBEshazoaGvpP6yeVUR4D,229859,0,0.598,-5.718,0.691,0.103
Cómo Te Atreves,2022-06-21 18:35,Morat,3718949,2z0EshEO4XptiepEb9j3Og,240560,0,0.617,-4.565,0.893,0.207
Cúrame,2022-08-18 14:17,Rauw Alejandro,46089,3PwRuzdphgedcWVUOVYJ7I,164705,4,0.765,-3.599,0.625,0.112
DANCE CRIP,2022-08-13 04:32,Trueno,126010,1kjs5eR4DMzyB0gm1Z8waV,165019,68,0.857,-3.699,0.766,0.0817
DESAFIANDO EL DESTINO,2023-05-10 19:12,Maria Becerra,3606656,4rBQxFVwTnf99p818azSon,192703,74,0.446,-6.651,0.387,0.11
Dancing On My Own,2023-05-15 10:36,Calum Scott,262951,2BOqDYLOJBiMOXShCV1neZ,260285,82,0.681,-8.745,0.174,0.0983
Dancing Queen,2023-01-13 11:43,Colin Firth,170169,3zZ6W6T7TuGJmcyvZ5VRlo,221093,58,0.622,-6.885,0.862,0.308
Dando Vueltas,2023-02-25 09:26,Zeballos,3675877,314FEi04GJLNc89wCZVanH,121974,42,0.636,-4.985,0.62,0.213
"Dani Ribba: Bzrp Freestyle Sessions, Vol. 7",2022-07-12 16:53,Bizarrap,2773,1jKq6jcjPAd2awwuYiPswp,137365,53,0.924,-6.824,0.622,0.0971
Darkness Keeps Chasing Me,2023-01-15 15:45,Grace VanderWaal,0,3P19NoMAGg72XG22EOf4zm,281693,37,0.293,-7.126,0.318,0.104
De Vacaciones,2022-06-10 14:09,FMK,4610667,0hRKaSIym7bBRZ5oXLUsfx,141702,57,0.686,-4.338,0.514,0.473
Del Estadio Al Cielo,2022-07-05 19:05,Morat,828533,4mRuM1hYY9u4YLo6RX9YVk,234500,0,0.533,-4.447,0.812,0.482
Demasiadas Mujeres,2022-06-22 13:41,C. Tangana,9408421,3GaGWoU1KfVqgl7vnRHP55,153960,78,0.658,-7.378,0.453,0.0848
Demasiado Loco,2022-06-22 13:44,Paulo Londra,1148581,1algWk375QvT1XNJJbRsGM,166548,69,0.824,-8.859,0.377,0.121
Desaparecer,2022-08-17 13:17,Mora,167189,3GWgAfiUspe7MhlQ1fCQiF,213153,33,0.482,-5.31,0.498,0.127
Devuélveme El Corazón,2023-01-18 11:14,Sebastian Yatra,590396,7etlF1zMxJbiaeQrXYh0PY,243426,67,0.59,-6.857,0.78,0.0895
Distraction,2022-06-04 16:29,Polo G,2532489,1oc92BMKYkNxK17C2GtyRM,171319,71,0.713,-5.99,0.689,0.136
Doing Good,2023-03-23 19:45,Milky Chance,12479,34eGAGPZsfuYf3EiNnWS7E,250586,46,0.71,-8.381,0.73,0.098
Duele Querer,2022-07-17 20:08,Ozuna,480160,5Jynf1ofxdGcXWfkgWZhDc,120040,46,0.494,-8.768,0.334,0.105
Déjame Ir,2022-06-27 16:53,Andrés Cepeda,2377276,3nymR2pRbiDq89qS2osIVX,232743,56,0.3,-1.943,0.783,0.111
Déjate Querer,2023-01-18 11:14,Lalo Ebratt,33002,3mN2DtljBhnrIpc3Nu2pJ8,202823,62,0.755,-4.238,0.792,0.0754
Día y Noche,2023-01-12 13:24,MYA,575,2NZ4Lg677xRbdrlFMOPTcF,195117,34,0.76,-5.861,0.73,0.141
ECLIPSE,2023-03-24 15:40,KHEA,2278964,3mEb7NQ4pCQ7Rwy9RVC2eq,153837,62,0.565,-8.512,0.266,0.12
EL TONTO,2023-04-14 15:22,Lola Indigo,90446,0OqoRBKlvRZarXZqE7AH7z,188087,77,0.801,-5.369,0.801,0.134
Easy On Me,2022-06-28 19:43,Adele,1343180,46IZ0fSY2mpAiktS3KOqds,224694,85,0.604,-7.519,0.366,0.133
Eclipse,2022-07-27 21:55,Zeballos,13183079,2YqdfLhtJKoXQQLwy4nvqd,241058,3,0.687,-7.581,0.685,0.134
El Cielo a Mi Favor,2022-12-18 03:29,Ricardo Arjona,1737634,0BJwrbkZKf7KwlwBOJbD8i,228493,60,0.343,-7.827,0.251,0.212
El Fantasma,2022-09-11 23:39,Árbol,489624,0N361WhEqVunVl5ZBkfd70,237800,65,0.62,-4.78,0.608,0.0625
El Perdedor,2023-01-21 18:38,Enrique Iglesias,88318,1iEwyiSLAunPR6uouANE0O,206693,75,0.702,-5.173,0.73,0.148
El Rehén,2023-01-12 13:25,Xantos,2794,1vJxPaXsZUXqSIBVFgtebF,189191,30,0.803,-9.177,0.472,0.148
El Viejo,2022-09-10 20:44,La Vela Puerca,563523,7gKqjNMM4ikt7KFTRsgZgL,187066,64,0.699,-3.947,0.744,0.0751
El viaje,2022-10-05 21:04,Felipe Barrenechea,478303,1Q4sh2qHtUxujMkQ536QAO,317254,10,0.812,-10.124,0.318,0.0844
Elena,2023-01-25 17:31,Sebastian Yatra,155093,0c8JmuKzaREJu3kUqoBfmo,155093,48,0.414,-8.705,0.44,0.322
Ella,2022-09-13 19:29,La Beriso,5574524,5aVhIDZmDeMt2C2ZMX5KoH,227866,61,0.632,-6.061,0.738,0.12
Ella Dice,2023-03-08 09:40,TINI,698525,5UKBbglwH7gZEkzfuWGn5J,161060,7,0.838,-2.864,0.751,0.133
Ella No Es Tuya - Remix,2022-10-09 17:37,Rochy RD,893813,5YYW3yRktprLRr47WK219Y,218106,72,0.585,-4.132,0.611,0.649
En Guerra,2023-01-12 09:36,Sebastian Yatra,886354,6dJPqP0gHP6iAZuIk1njBs,221386,66,0.394,-7.598,0.454,0.16
En Un Sólo Dia,2022-06-28 12:56,Morat,2533421,0epE322eIwbGrlZxkqpzun,202120,0,0.616,-5.704,0.74,0.0941
Entre Nosotros,2022-06-10 18:46,Tiago PZK,723277,6w8yBI2vthyN9UnwO4UBWb,192352,74,0.729,-6.345,0.513,0.137
Entre Tú y Yo,2022-10-07 14:31,Chema Rivas,224000,1nxlRYbM2Ral4im0LExtZY,224000,0,0.854,-5.206,0.669,0.221
Eres Tú,2022-07-04 16:54,Morat,935066,5MN6TXwzNqYBg3jikXuvAl,205556,0,0.471,-5.717,0.809,0.236
Es gratis - Acústico,2022-09-11 16:24,Arnau Griso,731309,0GKlIuZcQCiv8bvWgRNiAb,203080,49,0.743,-10.106,0.406,0.0844
Escape My Mind,2023-01-12 13:28,Grace VanderWaal,196306,0O8YMwF6fUty67k61XN9W7,196306,42,0.731,-3.975,0.808,0.535
Escúchame Loca,2022-10-07 10:03,Joshua Dietrich,394263,4a03WDAgf7bPwEHel88AFU,204187,0,0.602,-10.344,0.544,0.145
Ese Maldito Momento,2022-09-11 13:12,No Te Va Gustar,746748,4xEAPLGnp20PYUlhbKHuTF,186306,0,0.637,-6.205,0.601,0.0897
Estás Con Él,2022-09-27 17:14,Quevedo,4246041,5YOObwV9DaFoK8Z85LZbY0,210034,62,0.794,-8.283,0.571,0.0477
Evergreen (You Didn’t Deserve Me At All),2022-10-04 14:12,Omar Apollo,5851216,2TktkzfozZifbQhXjT6I33,216680,81,0.697,-10.395,0.336,0.107
Ex de Verdad - HA-ASH Primera Fila - Hecho Realidad [En Vivo],2022-08-22 13:40,Ha*Ash,3583,40lU8uy8xKKRAP9A1N3BqH,247760,73,0.722,-4.796,0.682,0.954
Explícito,2023-04-12 09:35,Myke Towers,195066,6qraVL4IJaIj0IuEexYJNa,195066,70,0.828,-3.371,0.83,0.0613
Eyes Closed,2023-04-21 18:33,Ed Sheeran,58177,0h3PlGdTl8kUA47Zb2kJAi,198200,0,0.645,-5.557,0.799,0.265
FRESCO,2022-06-09 22:23,WOS,7083316,0blWPYAfbvpRLVHUcmqmmj,170302,67,0.782,-4.689,0.807,0.1
Faded,2023-05-11 01:11,Alan Walker,10418,09rVMsPoIYUijNcMs0chGQ,212840,0,0.771,-6.096,0.888,0.109
Falling,2022-06-28 20:12,Harry Styles,93941,4TnjEaWOeW0eKTKIEvJyCa,159381,6,0.785,-8.756,0.431,0.0887
False Confidence,2022-09-01 00:44,Noah Kahan,806491,7nDFTHHwfe32a8qdp9XqPy,223400,70,0.414,-7.77,0.663,0.138
Familiar,2023-05-05 22:18,Liam Payne,9333,0Y4hwUppbGc8aIBmiTz30A,196552,59,0.636,-4.594,0.805,0.0793
Fantasias,2022-12-20 23:11,Rauw Alejandro,1023,6mAN61JH0dzyZpWslS11jy,199711,76,0.879,-4.219,0.703,0.0569
Fantasias - Unplugged,2022-08-10 01:12,Rauw Alejandro,2208400,6qqd7DGn2VXzxsR4k3Ycun,200593,59,0.714,-5.219,0.528,0.12
Favorito,2023-01-18 13:36,Camilo,55529,0jT8Nl0shPS8115is0wD2Q,209765,66,0.606,-2.975,0.853,0.251
Fergalicious,2022-09-08 23:28,Fergie,101209,1D066zixBwqFYqBhKgdPzp,292373,72,0.906,-7.721,0.583,0.126
Fetish (feat. Gucci Mane),2023-03-23 09:53,Selena Gomez,3242,0XLOf9LhyazPX9Ld8jPiUq,186112,0,0.708,-4.522,0.61,0.0641
Fiel,2022-10-09 17:43,Los Legendarios,1230,7Bk0uXKk1uPT0XuQbpFzvs,261665,74,0.849,-4.407,0.701,0.112
Fiera,2022-10-28 16:04,Cris Mj,1466422,5cDyidxA6n2xI4iFsqzt6D,175788,61,0.821,-4.376,0.768,0.0674
Fine,2022-09-01 00:54,Noah Kahan,582682,2elxgOyiNPM0QYjixON7cn,205733,59,0.7,-6.337,0.784,0.161
Flames - Tepr Remix,2022-10-05 13:54,David Guetta,5423,512JyhHrndIxZ81JmYZLmP,232983,27,0.681,-4.676,0.822,0.114
Flashed Junk Mind,2022-10-20 10:57,Milky Chance,639221,7EuTFqQnMZoIaGisMRCtf6,262000,1,0.839,-8.721,0.84,0.114
Flores,2022-10-13 01:31,Babi,491697,4WjtEdWL0JnxlWo80LpTr6,201053,2,0.631,-4.393,0.882,0.253
Fresa,2023-03-08 09:40,TINI,4219,4BCPItsB94KDLuERZT3aNM,165646,10,0.781,-3.493,0.866,0.101
Friends,2022-11-23 15:30,Eladio Carrion,20720,0GmfYAOe7Y3vIv4lKdaeOA,214133,49,0.869,-4.862,0.703,0.16
From Now On,2023-03-23 09:53,Hugh Jackman,5120,3IkWmgGsXbsafrunwPojXO,349560,72,0.516,-10.383,0.518,0.585
Fucking Diablo,2023-02-28 02:52,Nicki Nicole,309402,5HugdP5zn1KUybBdc1xsdf,144522,53,0.759,-2.627,0.667,0.13
Fue amor,2022-09-13 19:05,Fito Paez,270475,1bOJr9cWKEDAiJxRaHThrT,253373,62,0.648,-8.692,0.735,0.133
Fuentes de Ortiz,2022-10-10 02:16,Ed Maverick,3484780,0akyEssGRVHstqCSWXusJL,207400,80,0.83,-14.461,0.159,0.362
Fuera del mercado,2022-06-01 22:50,Danny Ocean,7204543,1UdzJEpgJxtuXAlCOvD4S0,159849,83,0.453,-5.649,0.673,0.131
Funeral,2022-06-23 22:39,Cami,551948,1ueLYdeuGMAwUiaezLDObD,221400,52,0.725,-5.06,0.641,0.215
GATO NEGRO,2022-06-23 22:15,WOS,2277422,5Mn4FEB5vtRI4tbr3MwNnO,195864,56,0.484,-4.429,0.871,0.478
GPS (feat. French Montana),2023-03-24 18:37,Maluma,1642,3t6j6WNv2OSn6qm5Vxynub,216306,64,0.841,-3.033,0.629,0.346
Gasolina,2022-10-05 13:50,Daddy Yankee,3630,6jEZLz3YpnEBRpVkv35AmP,192600,4,0.857,-6.499,0.801,0.0789
Get Up (Rattle) [feat. Far East Movement] - Vocal Edit,2023-01-18 09:00,Bingo Players,9735,3wLPRjw2XQpmowqXUXb3UF,166932,71,0.801,-2.69,0.985,0.297
Get You The Moon (feat. Snøw),2022-10-10 02:20,Kina,188552,4ZLzoOkj0MPWrTLvooIuaa,179080,80,0.498,-16.541,0.235,0.144
Godzilla (feat. Juice WRLD),2023-03-23 09:53,Eminem,2645,7FIWs0pqAYbP91WWM0vlTQ,210800,84,0.808,-5.26,0.745,0.292
Goosebumps - Spanish Remix,2022-10-07 14:31,Larking,37956,6hEPhvbMFQiKSBG22fspFI,243846,26,0.805,-8.561,0.65,0.16
Goteo,2022-07-26 03:34,Duki,1649121,1EoEU4HY57qaITp06TkC6B,164457,70,0.473,-3.725,0.779,0.189
Grenade,2023-01-09 16:36,Bruno Mars,222091,4lLtanYk6tkMvooU0tWzG8,222091,80,0.704,-7.273,0.558,0.107
Gusty DJ | Ecko - Session en el Barrio #7,2023-02-07 12:39,Gusty dj,4134673,2ALRaYszX1wDifP6HrcdqS,164536,68,0.883,-5.829,0.66,0.0723
Gym Quarantine,2023-01-18 08:58,HUGEL,1514,1t9WkESChRAN8T9p3az6Pg,168611,44,0.865,-6.941,0.751,0.114
Hacer un puente,2022-09-11 14:52,La Franela,569631,18Q3WTfyWX1tdS1cp42NhA,282958,62,0.522,-4.908,0.659,0.187
Half A Man,2022-08-28 03:12,Dean Lewis,2990209,1ugQtcwmKOXvKAYzhjncmv,179120,78,0.507,-11.575,0.204,0.143
Hallelujah,2022-09-01 01:00,Noah Kahan,230617,3wWinz94TSPWe6CgTaSK6x,207986,54,0.229,-9.146,0.239,0.117
Hands On Me,2022-12-14 00:25,BURNS,1898,2GC8vo2NO9u28G7kBIuP0j,256240,49,0.714,-4.994,0.832,0.326
Happier,2023-05-12 10:12,Ed Sheeran,232015,2RttW7RAu5nOAfq6YFvApB,207520,81,0.522,-7.355,0.385,0.135
Happiest Year,2022-09-09 22:54,Jaymes Young,239407,5kcvBnt6DPX3AMEsCx1qDh,228442,4,0.501,-14.061,0.167,0.111
Hasta Que Dios Diga,2022-08-18 13:44,Anuel AA,4654616,06s3QtMJVXw1AJX3UfvZG1,246000,85,0.691,-4.727,0.765,0.203
Hasta la Raíz,2022-09-11 13:22,Natalia Lafourcade,323821,3lGMtkONrZdJ8kTCg6KIFf,221800,82,0.585,-8.392,0.643,0.144
Havana (feat. Young Thug),2023-01-13 11:43,Camila Cabello,4864,1rfofaqEpACxVEHIZBJe6W,217306,82,0.765,-4.333,0.523,0.132
Havana - Remix,2023-03-24 19:06,Camila Cabello,199095,3whrwq4DtvucphBPUogRuJ,199095,64,0.751,-4.036,0.579,0.133
Head Shoulders Knees & Toes (feat. Norma Jean Martine),2023-01-18 08:58,Ofenbach,46442,14ngWWxvUSnIMXgF6rzSk1,156960,58,0.798,-5.36,0.828,0.121
Heather,2022-06-28 19:04,Conan Gray,63903,4xqrdfXkTW4T0RauPLv3WA,198040,88,0.357,-7.301,0.425,0.322
Heaven,2022-10-06 15:33,Calum Scott,135785,0Hgqglypzt6Qs5Duqskcqs,213026,51,0.42,-8.881,0.479,0.0679
Hello,2023-01-12 13:24,PRETTYMUCH,1280,13pgP4LlXf849wDkBJDi5h,272550,44,0.336,-8.025,0.381,0.0974
Here Comes The Sun,2023-05-12 10:23,Abbey Road,10571,4ytiGaEUfAPKSXDSlQ7E1j,179813,35,0.556,-15.661,0.468,0.0896
Hey There Delilah,2023-05-11 15:11,Plain White T's,1287001,0xM88xobymkMgg46MStfnV,232853,0,0.51,-10.995,0.376,0.113
"Hey, Soul Sister",2023-05-15 17:54,Train,122135,0KpfYajJVVGgQ32Dby7e9i,216666,0,0.675,-4.432,0.885,0.086
History,2022-09-12 18:00,One Direction,187436,0HMjXBAZmSYOTTi33WpMso,187426,77,0.655,-4.421,0.699,0.064
Hitboy,2022-11-01 15:42,Duki,358408,624AL3EwsrgGIp6bdwmXgo,179204,62,0.812,-6.629,0.633,0.122
Hola (feat. Maluma),2023-01-13 11:43,Flo Rida,2560,6ayTAnEwP3Yo4DOjLsN5r2,192376,55,0.757,-5.693,0.711,0.11
Hold My Girl (Acoustic Version),2022-07-25 14:29,George Ezra,1893894,4VjhuvbfM5yW0qDGvY4aJQ,211715,63,0.717,-7.425,0.391,0.0938
Hold On,2022-08-28 03:23,Justin Bieber,327403,2tsNw9YCguhTyvERaX8byL,199546,0,0.561,-8.519,0.274,0.163
Holy (feat. Chance The Rapper),2022-08-28 03:29,Justin Bieber,212093,5u1n1kITHCxxp8twBcZxWy,212093,73,0.673,-8.056,0.704,0.0898
Home,2022-09-13 09:55,One Direction,154505,1J6bub4kiTe4h0RCo9IszE,210173,3,0.606,-6.04,0.826,0.117
Honest,2022-09-08 23:27,Shawn Mendes,199186,64GT5ReOko7xx6Nc7D8JsS,199186,56,0.821,-6.249,0.601,0.0637
Hood - Remix,2022-10-09 17:14,Trueno,8474565,3UytZp1xDkNkROyIwE7DbY,176372,68,0.674,-6.253,0.456,0.126
Hopeful,2023-03-23 09:57,Bars and Melody,163967,5e5xI216H4iKjTcDdf3QQz,169360,0,0.437,-4.109,0.846,0.251
House of Cards,2022-10-09 17:43,Alexander Stewart,1160,58GufL5ouunj41e6QV65bw,214285,7,0.535,-6.486,0.306,0.0976
How to Save a Life,2022-10-11 17:58,The Fray,11614,5fVZC9GiM4e8vu99W0Xf6J,262533,82,0.64,-4.08,0.743,0.101
Hoy Se Chicha,2022-08-19 13:23,Jowell & Randy,29268,4SE7wJ6HNrxGf7RpAVyTwm,154398,60,0.883,-7.494,0.721,0.252
Házmelo,2022-06-11 20:36,Tiago PZK,2284756,4uiFw0YvHosZT3qRf1QAvs,174952,57,0.36,-4.146,0.684,0.721
I Ain't Worried,2022-08-31 14:55,OneRepublic,3210770,4h9wh7iOZ0GGn8QVp4RAOB,148485,94,0.704,-5.927,0.797,0.0546
I Don't Care (with Justin Bieber),2022-08-28 03:32,Ed Sheeran & Justin Bieber,1280,3HVWdVOQ0ZA45FuZGSfvns,219946,79,0.798,-5.041,0.675,0.0894
I GUESS I'M IN LOVE,2023-04-21 16:11,Clinton Kane,408186,1is8gU4RVcN4J8xItxWoOY,204093,77,0.422,-6.577,0.34,0.149
I Have Nothing,2023-03-24 19:15,Whitney Houston,289160,31er9IGsfFbwqy1pH4aiTP,289160,78,0.541,-10.499,0.401,0.164
I Think I'm In Love,2022-09-08 23:30,Kat Dahlia,67925,3U1TuSqHIubBA10cVP7Sk6,202666,71,0.632,-6.731,0.638,0.125
I WANNA SEE SOME ASS (feat. jetsonmade),2022-07-26 03:36,Jack Harlow,922813,2aWVaW1p2kUc5yuKwBmRJi,125302,73,0.899,-7.554,0.691,0.135
I Will Always Love You,2023-05-15 17:13,Whitney Houston,918696,4eHbdreAnSOrDDsFfc4Fpm,271093,80,0.332,-12.518,0.214,0.0839
IDK You Yet,2022-10-14 15:36,Alexander 23,493727,47EWMOElkkbMp5m9SBkx7d,184638,2,0.629,-11.735,0.306,0.124
If the World Was Ending (feat. Julia Michaels),2022-09-09 22:34,JP Saxe,528540,2kJwzbxV2ppxnQoYw4GLBZ,208687,79,0.464,-10.086,0.473,0.109
In My Blood,2022-10-13 17:24,Shawn Mendes,76650,79jX8RM5CgPqDKdGEKNW9K,211600,0,0.628,-7.097,0.715,0.119
In My Head,2022-10-03 23:46,Bedroom,366431,1tT55K6VEyO6XFDxK4lDQe,214533,0,0.499,-15.359,0.181,0.106
Indigo,2022-12-13 15:18,Milky Chance,5589,3L6sSWxcWuwHATw4KDhmhA,86000,0,0.458,-9.866,0.342,0.105
Inolvidable,2022-07-02 20:50,Ovy On The Drums,2089009,0OTtnwUO8natNWSwdZvXVF,225812,77,0.84,-4.941,0.543,0.128
International Love 420,2022-08-22 13:40,L-Gante,20480,7dpXCztbsLVnkLdcskLgKc,214431,47,0.803,-5.915,0.64,0.0723
Iris,2022-12-09 18:23,The Goo Goo Dolls,7535663,6Qyc6fS4DsZjB2mRW9DsQs,289533,86,0.315,-8.072,0.715,0.0942
JUNGLE,2022-08-19 14:11,Trueno,11740,3monFIRNCDt9we37DDvCCK,174236,54,0.686,-3.164,0.853,0.109
Jolene,2022-08-23 01:48,Dolly Parton,161533,2SpEHTbUuebeLkgs9QB7Ue,161533,76,0.674,-10.971,0.537,0.131
July,2022-09-01 00:50,Noah Cyrus,312212,5a6pdCHlWS2ekOOQ70QnAr,156106,0,0.708,-8.953,0.186,0.0779
Just A Crush,2023-01-12 13:31,Grace VanderWaal,194240,0qazt5sXx4rSzxBj7DHOhn,194240,36,0.642,-6.03,0.532,0.267
Just for a Moment,2023-03-24 15:41,Olivia Rodrigo,12586,0fyNdwiOqyXyZ1OHhtRZ5y,197322,54,0.435,-6.244,0.493,0.149
"Just for a Moment - From ""High School Musical: The Musical: The Series""",2022-06-28 20:28,Olivia Rodrigo,2711021,5Yc2A0YtK6PaXT8J1MQ0Rd,197320,62,0.519,-6.239,0.503,0.148
Just the Way You Are,2023-01-09 16:49,Bruno Mars,443281,47Slg6LuqLaX0VodpSCvPt,220734,82,0.635,-5.379,0.841,0.0622
"KHEA: Bzrp Music Sessions, Vol. 34",2022-10-01 20:36,Bizarrap,4736,7bidsoy3nzCDNYzAzrV7NN,198703,65,0.633,-7.327,0.646,0.104
Keep Me - Acoustic,2022-09-09 23:43,Ashley Singh,163000,1ayOMuDEULRqZ4QYVwSNV7,163000,54,0.785,-7.794,0.318,0.115
Kemba Walker,2022-09-08 14:41,Eladio Carrion,1140990,38kLHBjtWJaPXcyFhwRVtI,152960,72,0.832,-7.168,0.59,0.123
Kiss Me More (feat. SZA),2022-11-23 12:55,Doja Cat,2176,3DarAbFujv6eYNliUTyqtz,208666,83,0.764,-3.463,0.705,0.12
Kiwi,2022-12-27 12:37,Harry Styles,262833,33SNO8AaciGbNaQFkxvPrW,176386,79,0.375,-2.631,0.93,0.318
"L-Gante: Bzrp Music Sessions, Vol.38",2022-07-09 03:37,Bizarrap,306555,1Crj1zkRMpsEjb9NOR6Zof,192347,74,0.553,-3.083,0.819,0.0915
LA INOCENTE,2022-07-11 16:41,Mora,8448952,5jt25aFjW2kNoBqaEVaz5W,202173,88,0.757,-3.46,0.789,0.0717
LILY,2023-03-23 09:57,Dylan Jordan,2730,5EEkx4Ovr8X00v9dios63X,210279,31,0.343,-8.572,0.463,0.083
LUZ DELITO,2022-06-23 20:35,WOS,3205118,13VEtVCYfLTVsq5STs3SlW,155867,61,0.583,-2.674,0.977,0.544
La Bella Y La Bestia (Con Norykko),2023-01-15 15:45,Porta,0,3bHzzuRc2vU97FhJ0ohSKf,308946,63,0.611,-4.26,0.847,0.25
La Correcta,2022-06-28 17:57,Nabález,3168134,1ISamB2lPDAeKb4Js2hLgq,219198,70,0.35,-6.004,0.628,0.122
La Curiosidad,2022-08-09 16:59,Jay Wheeler,657144,0g1gWpGR4jcmR5b2ErsK46,219186,0,0.614,-5.803,0.785,0.0729
La Forma en Que Me Miras,2023-04-11 11:12,Super Yei,410405,6t94PGXYAuo9GbJEnMpPcW,307435,75,0.656,-1.387,0.662,0.16
La Melodía de Dios,2022-08-22 13:26,Tan Bionica,210702,31xVuaxFElzKPIp6Z9HT5N,285306,0,0.67,-4.36,0.912,0.0804
La Mujer Traiciona,2023-04-26 16:01,Lenny Tavárez,425080,2YpupWlGIpbkra73hHc8KW,171696,50,0.789,-4.609,0.575,0.175
La Pistola,2023-02-13 10:09,Lauty Gram,3737657,4n9tFJoRyzeva7Bgy5sCM7,182165,56,0.779,-5.317,0.725,0.356
La Playa,2022-08-19 13:23,Myke Towers,216305,0WRHSge90uKgvisLnruav2,294546,0,0.885,-5.836,0.6,0.057
La Salamandra,2022-08-31 01:46,Underdann,67626,5Y1KBxx4lx21gyN0Sf6l2f,200629,0,0.815,-6.657,0.776,0.159
La Valse de L'Amour,2023-03-23 09:57,Patrick Doyle,2389,265lTG7LmdndgsDAppXAFx,154560,0,0.237,-19.313,0.15,0.105
La Última Vez,2022-10-02 07:14,G Sony,186990,4BTgcgZuQ5JKboy2mlP16X,217935,0,0.584,-5.293,0.631,0.317
Lado Triste - Remix,2022-08-18 22:44,Migrantes,16953,7gNClxHxDnazoQvgFhLMKr,167038,53,0.681,-5.05,0.703,0.358
Lento,2022-10-07 10:41,Julieta Venegas,210806,2g4mmpGFOaVgnZCqpKQDIU,111072,0,0.816,-8.147,0.566,0.245
Let It Go,2023-03-29 19:08,James Bay,260533,4NwKcFVpUB5Hgqiy1zmbCC,156426,0,0.682,-4.884,0.883,0.0747
Ley Seca,2022-08-19 02:47,Jhayco,1321086,51yjkR9blUWtAphR7lZl5y,263653,6,0.754,-3.731,0.847,0.174
Ley de Atracción,2022-08-19 14:31,Duki,746072,52PVGjg5sUhfs9PHiSl02c,180247,58,0.776,-4.078,0.683,0.322
Ley de Newton,2022-07-26 03:28,Pilar Pascual,162757,5MA7UZPNl4cb1Nuxdkfp0z,162757,31,0.698,-7.372,0.569,0.111
Life Goes On,2022-11-09 22:39,Oliver Tree,3964,0eu4C55hL6x29mmeAjytzC,161803,78,0.7,-5.187,0.49,0.117
Life Of The Party - Live,2022-10-07 14:10,Shawn Mendes,198963,3k1gY1Rlpa0TIxiGImfKMz,198963,0,0.393,-7.356,0.547,0.923
Life is a Highway,2022-10-07 14:13,Rascal Flatts,383522,5gB2IrxOCX2j9bMnHKP38i,275640,77,0.562,-5.562,0.934,0.199
Lifeline,2022-11-21 04:51,Tómas Welding,10986,7hKh0NFiRRY4nSpfLC2RxT,191226,47,0.574,-4.813,0.624,0.173
"Like Boss - Remix (feat. Duki, Bizarrap, Akapellah, Polima Westcoast, Moonkey, Zanto, Santoz)",2022-07-12 16:55,Frijo,644113,2H2pkZBzWDX2TzGW7sp014,362281,56,0.853,-5.271,0.612,0.231
Like That,2023-03-08 09:49,TINI,22250,7DRQ3I8fPVGPZyLxzZybLN,174559,1,0.851,-4.221,0.694,0.0826
Line Without a Hook,2022-06-28 21:56,Ricky Montgomery,748758,5NvOZCjZaGGGL597exlQWv,249586,81,0.432,-4.969,0.652,0.258
Lisa,2023-03-14 21:07,Young Miko,4039809,44FzVABpR2cciquTqADA0D,159306,84,0.82,-7.553,0.446,0.13
Little Things,2022-09-12 15:50,One Direction,222325,0oTaTGcMhxdTFotrPnHYwr,180532,3,0.713,-6.539,0.653,0.0761
Llamado de Emergencia,2022-07-09 03:55,Daddy Yankee,142804,3bkBVEmRJuJZNh5iVgJkWm,239920,0,0.699,-4.405,0.91,0.146
Loca,2022-06-23 23:16,Tan Bionica,6993887,2n0NCtkvHx1oPqgiAvexiB,208813,66,0.566,-6.604,0.748,0.288
Loca - Remix,2022-07-08 17:59,KHEA,437423,2ECIwi1a7mfokdDkkJ08Ne,346460,72,0.795,-3.661,0.751,0.0983
Location,2022-10-20 11:14,Khalid,221229,152lZdxL1OR0ZMW6KquMif,219080,79,0.736,-11.462,0.449,0.0898
Loco,2022-06-07 10:25,Tiago PZK,9071624,2J9B63FawlTaPdg4eH5X03,204000,71,0.82,-5.965,0.565,0.0469
Loco Papi,2023-01-18 09:06,Sevenn,86314,5EuVplVa6I5vbAUBuCRnvS,178560,57,0.759,-2.516,0.987,0.268
Loco por Ti,2023-01-12 13:24,MYA,2623,01GkSQ5gDn2BHOfgfdUepy,194674,44,0.705,-5.409,0.712,0.0921
Locura y Maldad,2022-09-06 22:46,Cris Mj,5041154,2dG8CDU9UBem2ReYcLafDt,200000,69,0.791,-6.636,0.601,0.0919
Lola,2022-08-03 12:29,Duko,2238081,0icidvfDmXmaS5vMQlIPF8,167042,62,0.843,-7.665,0.567,0.0566
Lonely (with benny blanco),2022-08-28 03:25,Justin Bieber,447350,4y4spB9m0Q6026KfkAvy9Q,149297,73,0.631,-7.071,0.239,0.116
Lonely Alone,2022-09-08 23:43,Chelsea Cutler,387572,5226Ocpr2cbudvurouwNUF,193786,0,0.857,-14.115,0.22,0.129
Lose You To Love Me,2023-04-21 20:17,Selena Gomez,102784,1HfMVBKM75vxSfsQ5VefZ5,206458,27,0.505,-9.005,0.34,0.21
Lost Boy,2023-01-09 18:17,Ruth B.,485211,4h0zU3O9R5xzuTmNO7dNDU,275280,74,0.71,-15.099,0.0565,0.0889
Love Is Love,2023-03-08 09:32,TINI,18200,5qwxSsbh72XFRt2zTQVtQ6,177613,1,0.697,-3.728,0.741,0.32
Love Me Back,2023-03-23 09:53,Jacob Sartorius,22297,3xUgD4vi3d6SE8x0lMwKdF,209328,23,0.798,-6.709,0.685,0.0934
Loving Is Easy (feat. Benny Sings),2022-10-10 19:18,Rex Orange County,121485,5EYi2rH4LYs6M21ZLOyQTx,155720,8,0.756,-7.927,0.609,0.0959
Luck Ra | Mission 15,2023-05-22 22:13,Alan Gomez,1789262,6CIMoDfTsvFVGhFi3v9Izn,133284,72,0.691,-5.722,0.728,0.171
MEAN!,2022-08-06 02:01,Madeline The Person,4870229,0KQRhak4Irr2CKxgQ9U6ay,143960,69,0.502,-9.504,0.416,0.0934
MELÓN VINO,2022-06-06 13:48,WOS,6961128,5uHAzGa4d9j35DEbhUwGhi,176394,72,0.62,-6.081,0.741,0.156
MI EXXX,2023-04-24 19:58,Wisin,1488027,5hHzqkPU6TQxWtV2cJqsMp,194470,82,0.759,-7.259,0.674,0.0696
MIRÁ MAMÁ,2022-06-08 21:14,WOS,6099912,3d1wvsZjykpYZxbIPz91Ou,169536,60,0.529,-7.32,0.622,0.537
MUGRE,2022-06-23 22:09,WOS,1613953,0hoo74Q82lOWekiPWYOOuz,259199,54,0.341,-5.606,0.708,0.122
Ma Vie (feat. Yay),2022-11-16 01:51,Kidd Keo,202772,6UU24wuWgGwuSBAxDH866Z,233300,70,0.936,-4.928,0.825,0.0703
Magdalena,2023-01-25 17:25,Sebastian Yatra,178234,2iPmCDGAftj8a64MoJIY5B,177253,43,0.605,-7.889,0.457,0.0808
Mala Mía,2022-10-21 14:07,LIT killah,383306,62o8KoI44JfN7aYxgTnPvh,183752,68,0.749,-4.883,0.752,0.232
Mala Vida,2022-11-23 16:07,Nicki Nicole,449630,3SzBLvShr2FKp1qSaqK6cm,160423,55,0.521,-5.101,0.675,0.299
Malbec,2022-08-16 13:26,Duki,2222077,6KEb17S00Inf0v1qYDgUAj,175890,72,0.705,-6.476,0.692,0.13
Maldita Costumbre,2022-06-21 15:24,Morat,2445512,5cWIowEZxB2FkZ1Hzqpwjl,165786,70,0.826,-4.181,0.928,0.296
Malibu,2022-08-22 14:00,Miley Cyrus,1872064,1UZOjK1BwmwWU14Erba9CZ,231906,79,0.573,-6.406,0.781,0.0813
Malibu Nights,2023-01-09 18:31,Roxy Tones,24224,54pbJa02UKHx1ZlisCYH0D,148000,55,0.767,-7.364,0.651,0.238
Malo,2023-03-09 21:05,Bebe,6587317,7KI5Gna4jc0aj91VTWkmio,205066,32,0.744,-3.857,0.884,0.301
"Married Life (from ""Up"") [Piano Version]",2023-03-24 19:09,The Wild Conductor,197000,3oliWWebujmLJbodF4fVYq,197000,0,0.418,-26.113,0.0808,0.0926
Marry You,2023-01-09 16:46,Bruno Mars,230192,6SKwQghsR8AISlxhcwyA9R,230192,79,0.621,-4.865,0.82,0.104
Martin & Gina,2022-10-09 17:47,Polo G,323017,1VLtjHwRWOVJiE5Py7JxoQ,132832,83,0.832,-7.813,0.534,0.165
Mayores,2023-01-12 13:24,Fer Palacio,768,6lHVy7wv6OLYyxuWXrSa84,211806,20,0.678,-5.104,0.843,0.0518
Mañosa,2022-12-11 14:52,La Joaqui,3108493,6ELw0p5THiGQxrJnQnmwCq,157677,63,0.902,-4.012,0.62,0.0422
Me Enamoré,2022-08-09 15:43,Jay Wheeler,4967010,4qknM1pQz53QOyfDVTjcM9,226893,70,0.74,-2.251,0.879,0.0928
Me Gusta,2022-11-16 01:49,Luck Ra,929928,3NXh44Beby7IYMYyOgdLPm,158267,49,0.692,-8.287,0.491,0.156
Me Gusta Lo Simple,2022-11-01 14:57,Duki,886946,3VJSv1RoYiCY4ECGyDO7ry,196626,65,0.749,-5.827,0.721,0.0849
Me Has Dejado,2023-03-29 17:01,Nicki Nicole,348373,6ojA83SXbJ5BKpJucn3j6R,242285,55,0.542,-4.904,0.736,0.0947
Me Maten - Live at NPR's Tiny Desk,2022-12-28 01:56,C. Tangana,4080943,5py3FJrHEuR67BjR7wm8uj,242496,61,0.614,-10.012,0.583,0.718
Me Rehúso,2022-06-03 18:29,Danny Ocean,1587328,6De0lHrwBfPfrhorm9q1Xl,205714,79,0.744,-6.327,0.804,0.0494
Me Soltaste,2022-06-21 15:03,Jesse & Joy,3804831,02yD6Wmpx5kLAoXLQOnuEb,229933,71,0.4,-6.038,0.398,0.333
Me haces bien,2022-09-10 20:35,Jorge Drexler,738184,4UKe38tm5NkRpuFCxwewEe,184546,63,0.404,-10.381,0.607,0.155
Me vas a ver,2022-10-16 00:53,Beret,135739,5BhSZWrUa5xkZ2K7Ze5fVT,135739,53,0.536,-8.553,0.287,0.101
Mecha,2022-06-23 23:22,Chano,3796446,346Xh2wHnDIByr5ZDeS7Cl,189355,55,0.699,-4.506,0.729,0.334
Meet Me At Our Spot,2022-06-28 21:45,THE ANXIETY,488040,07MDkzWARZaLEdKxo6yArG,162680,79,0.773,-7.93,0.47,0.0851
Mejores Amigos,2022-07-05 19:19,Yera,1964415,7tQ24skemknA6PPh6gwFi1,205369,69,0.624,-6.965,0.74,0.103
Memories,2022-10-21 15:44,Maroon 5,189486,1JOXtsCnIVcDkVi9SxMIso,232520,0,0.486,-8.736,0.166,0.271
Mess,2022-09-01 01:08,Noah Kahan,426640,3qhOjLeh6HePtsDhtxGpuR,212826,0,0.576,-3.989,0.85,0.0821
Mi Nuevo Vicio,2022-06-28 00:05,Morat,2210225,6vryUi0kHn6j1K19RP3xZU,237360,0,0.666,-4.876,0.795,0.181
Mi Persona Favorita,2023-01-12 09:48,Alejandro Sanz,981073,70fVcEP5pRrxaIICY3DcPe,190480,71,0.562,-4.774,0.729,0.0868
Mi Regalo Mas Bonito,2023-01-09 16:57,La Ross Maria,1499536,3JgGutjAwNXGAxcXaqVgWe,151467,60,0.669,-7.925,0.524,0.223
Mi Suerte,2022-06-21 15:28,Morat,1188851,2kVtMvrlcK5SRxZvdHgTzn,213271,73,0.645,-5.05,0.662,0.107
Mil Tormentas,2022-07-04 21:38,Morat,3248512,3GtVYDbNiv0qFqennUmmJu,233440,0,0.525,-5.736,0.578,0.0968
Milionària,2023-01-23 11:35,ROSALÍA,160788,2K3bjojp1sCLdMMoO5lJ2p,138370,61,0.857,-6.441,0.574,0.0663
Mirando a la luna (feat. Reik),2022-10-14 20:12,Beret,1939533,3pgruOfc6P6NtTusfwrVga,186146,55,0.544,-6.401,0.612,0.0973
Mis Noches de Enero,2022-06-24 00:07,Tan Bionica,1594478,27eNXsa98VXWLk4TQAj5nr,293946,60,0.541,-5.157,0.874,0.285
Miss Lonely - Dimelo Flow Remix,2022-08-22 13:37,Sech,59391,1ndlOUUT3Eq1SDCSdKJASw,240365,67,0.651,-5.461,0.711,0.024
Miss You So Much,2023-01-09 18:23,Miley Cyrus,1216,4ttUYy7HMYQ0nhfllLJNPR,293746,50,0.394,-5.135,0.506,0.372
Miénteme,2022-06-02 00:57,TINI,1481650,0cOa970mzTWAxKtltpkpLc,165275,78,0.85,-4.522,0.541,0.286
Moon,2022-10-14 16:10,Kanye West,13503,1XpAZlfENlrHalIvuhAp9R,220918,57,0.586,-8.806,0.516,0.489
Moonlight,2023-01-12 13:41,Grace VanderWaal,174106,4XrvRf68c9H4orZZ9KoldQ,174106,59,0.737,-4.71,0.734,0.323
Motivos,2023-01-06 08:21,Abel Pintos,181933,2n8VYWU3mMrziR2ua8leHu,181933,61,0.732,-8.359,0.49,0.113
Move Your Body (feat. Timbaland & Bad Bunny),2023-03-23 09:53,Wisin,2602,7ixSri6oiQ6QNcqFlDkptD,217573,42,0.48,-3.797,0.861,0.328
Muerte En Hawaii,2022-09-10 20:32,Calle 13,404079,3kNVYo6BJE9AENxzokM9YC,189866,74,0.675,-7.168,0.588,0.95
Mundos Paralelos,2022-08-26 15:43,Benjamín Amadeo,31423,0iIYv7v0ooV5nzx44qkdfh,212706,24,0.646,-5.88,0.755,0.0486
Muñecas,2023-01-21 10:50,TINI,6859647,1PAvhqefivTNdxZ4u8RT1d,156318,77,0.681,-4.79,0.711,0.312
My Dog Is,2023-01-18 08:50,C.Terrible,15231,1AnWtLKn7r9rxK1cdCY4A6,184041,0,0.858,-7.501,0.681,0.31
NUMB,2022-10-10 20:19,XXXTENTACION,186267,1BPBwKueIEMnUcbbs2te7B,112500,71,0.682,-5.694,0.598,0.299
Nadir,2022-06-23 23:45,Zeballos,921647,7hE9Q5k72F6b5qu2jrinpl,257431,3,0.559,-6.836,0.66,0.11
"Nathy Peluso: Bzrp Music Sessions, Vol. 36",2022-07-13 16:07,Bizarrap,1387269,78SeXVRJ7KCqVmOwTiFjnI,171215,73,0.65,-3.71,0.655,0.0691
Never Enough,2022-09-12 15:19,One Direction,426880,0Gl5s8IhMmQE5YQwM8Qx1J,207786,76,0.277,-8.903,0.394,0.0952
New Normal,2022-10-20 11:10,Khalid,212674,2CIYemjFXdmCWpJnfbtrD6,198765,62,0.39,-9.575,0.534,0.184
"Nicki Nicole: Bzrp Music Sessions, Vol. 13",2022-07-29 22:57,Bizarrap,822263,2S93hylQBYLndMnaJuso8S,143291,72,0.81,-5.047,0.471,0.134
"Nicky Jam: Bzrp Music Sessions, Vol. 41",2022-07-12 16:53,Bizarrap,87662,03LfOYi0icz4souspZVVhq,158086,70,0.627,-3.167,0.849,0.145
No Es Cuestión de Tiempo,2022-10-20 10:20,Koino Yokan,27114,4iyrvVIHo1j07Ye1ahU0V9,156510,27,0.603,-11.244,0.247,0.112
No Hay Más Que Hablar,2022-06-28 00:00,Morat,4518775,4gC0IUJBZ6HQBy4SezYNgq,211935,66,0.676,-3.441,0.866,0.0501
No Hay Nadie Más,2023-01-18 11:10,Sebastian Yatra,599394,6wos8Ds5FKMe33GjBHRake,197680,0,0.684,-9.14,0.378,0.0969
"No Me Conocen (Remix) [con DUKI, Rei & Tiago PZK]",2022-06-10 18:37,BANDIDO,1684394,7COGuXyTr12KvdaYXMqheC,280274,69,0.769,-2.088,0.812,0.0781
No Me Llores,2022-10-27 14:13,Duki,749960,2fBL047Cv32R3UFEup6xkP,191846,68,0.538,-8.846,0.676,0.135
No Me Olvides,2022-09-13 19:11,La Beriso,9826580,2Pq3bGuvCa1beNMrBxgcKT,212373,59,0.462,-7.219,0.612,0.131
No Se Va,2022-07-04 17:27,Morat,1670759,4khWEpnaijN0G1x019Uzdr,216752,84,0.734,-5.37,0.685,0.109
No Te Enamores,2022-09-10 20:31,Benjamín Amadeo,405598,2GvCKpSkYLJM4HFF3CmHVi,185018,38,0.593,-6.369,0.705,0.144
No Toque Mi Naik,2023-05-10 14:40,Nicki Nicole,150821,0TBbNYzmtCfN5cpZSCVNIz,143925,55,0.763,-3.131,0.784,0.145
No siempre quedará París - Remix,2023-02-04 10:45,Leo Rizzi,2604245,4TPugCH4s6bRqhWhGkb2qw,186045,61,0.589,-6.497,0.602,0.128
No sé nadar - Acústico,2022-09-10 16:39,Arnau Griso,583999,4SPhhyP7xQhGL224GUKR8g,210486,37,0.623,-7.858,0.39,0.0977
Nota,2022-08-13 04:32,Eladio Carrion,16421393,2rm9Jixn9sLzTM6PF8u8AH,159482,72,0.7,-5.563,0.545,0.111
Nothing On You (feat. Paulo Londra & Dave),2022-09-09 23:26,Ed Sheeran,200733,5Va44ERiHtC2tfBD53OApA,200733,52,0.747,-6.218,0.649,0.172
Numero 1,2022-06-02 00:57,Oscu,492247,6HXvazdtAr9hy0kThzxrE3,164000,67,0.842,-4.404,0.729,0.0695
Nunca Nos Fuimos,2023-05-23 00:07,Chano,2424569,7dSUj09Yl8FH6Jcp9sKIYB,180995,53,0.681,-6.494,0.677,0.192
Nunca quise,2022-09-13 19:36,Intoxicados,303722,0ZAJ660VP57lLK4U7NlGOy,260371,69,0.709,-6.3,0.787,0.149
Némesis,2022-09-25 03:58,Quevedo,3031533,4oZxyQXxpYkRJZNNeDa237,155081,52,0.547,-4.947,0.656,0.348
OKUPA,2022-06-04 14:23,WOS,5334144,25NPeIjHjQGvyp4D52Tji2,143000,71,0.763,-3.289,0.881,0.257
Obsesión,2023-04-17 09:41,Lali,169078,4HTzn2qQZ7UqHtw1OsB8wc,180173,61,0.803,-6.187,0.672,0.0936
Odio Amarte,2022-07-25 14:20,Luck Ra,3428873,4r2t5e9cH4uiFpG7rnIbcR,186835,50,0.67,-8.014,0.255,0.127
Olivia,2022-09-10 00:00,One Direction,355946,5dONhl6aXFuN86UBdayF6W,177973,73,0.64,-5.362,0.681,0.166
On My Mind,2022-08-31 14:55,Bars and Melody,16006,5t2l28eJuZfBvTt0u3Xa48,212129,0,0.708,-7.743,0.604,0.0663
On My Way,2023-01-12 13:24,PRETTYMUCH,1898,7H9YC7hkicuj0ASDn3Aati,232036,41,0.686,-3.865,0.637,0.114
One Dance,2023-03-23 09:57,Bars and Melody,1898,14LosN7rboWCpN0dpefUyO,175297,0,0.862,-2.535,0.816,0.187
Otra Noche Más x Avanti Morocha,2022-09-26 12:26,Ivan Noble,404120,4PAryi36HEM2kcqzxbwe4v,189600,46,0.776,-5.132,0.524,0.142
Otra Noche Sin Ti,2022-06-28 19:49,J Balvin,306874,2CdTLdDjwZdVcm0bresVWx,228920,64,0.503,-7.564,0.548,0.145
Otra Noche más,2022-09-11 19:52,Rusherking,272623,5eZMaFZIvBK1pd6pAw07fz,135406,63,0.766,-7.583,0.302,0.132
Otras Se Pierden,2022-06-28 13:05,Morat,2717660,3SvbcJH2seu1zs0PMjPS6F,234656,70,0.623,-4.523,0.903,0.107
Over Again,2022-09-13 10:11,One Direction,17543,4RC5YmcpCbRsX3AtRzoQeh,182200,0,0.545,-6.753,0.556,0.131
Overthinker,2022-10-05 00:39,INZO,74965,4K9xid96G3YmIvQZXN9SXg,268000,3,0.472,-4.437,0.605,0.101
Oye,2023-03-08 00:47,TINI,324252,09nSCeCs6eYfAIJVfye1CE,173021,12,0.683,-7.894,0.51,0.175
PANAMÁ,2022-11-10 14:23,Trueno,4723,7fz7HrFRF4y8YEe0duWTDW,171149,62,0.723,-7.172,0.568,0.139
PANTANO,2022-06-15 19:17,WOS,2859517,0VMxiFeuVhG3Hu7NHnge9e,150661,58,0.607,-3.792,0.84,0.594
PELOTUDA,2022-10-29 17:20,Dillom,3099503,65zh1W9YBpgGlS4G98mI0v,185905,58,0.57,-6.179,0.61,0.262
PPP,2022-08-13 04:32,Kevin Roldan,1509,1DcxnVNFAyVl2sDQ646pXS,129039,66,0.786,-6.839,0.65,0.122
PUAJ (sesión),2022-09-22 00:29,WOS,14409576,6fTxvdEyWl3zZg2XTWO4s8,156665,57,0.712,-2.93,0.916,0.499
PURPURA,2022-06-23 22:04,WOS,1286880,0RHazYjaRGLIYPvn6mtRWY,194181,0,0.817,-2.941,0.803,0.0498
Para No Verme Más,2022-09-11 15:29,La Vela Puerca,407750,270ieNCOt945nOdUQubFI5,245986,57,0.538,-5.781,0.709,0.108
Para que el mundo lo vea - Acústico,2022-10-05 20:49,Arnau Griso,237619,6IukuUL2wwXBMQgbNsBnKK,220206,43,0.679,-7.843,0.439,0.0332
Pareja Del Año,2022-07-09 03:47,Sebastian Yatra,10169,2rCbl9naJYhaxjLsfx88uM,195053,76,0.715,-5.102,0.622,0.0948
Parte de Mí,2023-05-10 14:52,Nicki Nicole,376669,3qW3oIG7ZYzs3Ru5988fP5,175065,53,0.549,-8.922,0.366,0.108
Party In The U.S.A.,2022-08-22 14:16,Miley Cyrus,137493,3E7dfMvvCLUddWissuqMwr,202066,84,0.652,-4.667,0.698,0.0886
París,2022-06-02 00:57,Morat,18606830,3ehHqgYRzmeUi345MfHS2N,182187,72,0.582,-4.155,0.804,0.0624
Passenger,2022-09-01 01:04,Noah Kahan,242802,6wkVmLTBedKaAoeSj4xP6J,238066,53,0.696,-6.769,0.675,0.114
Pastillitas del Olvido,2022-09-11 14:04,Tan Bionica,8408583,18WSm3yN17Ub11ePSbWIxk,273440,57,0.552,-8.376,0.724,0.207
"Paulo Londra: Bzrp Music Sessions, Vol. 23",2022-06-03 19:01,Bizarrap,523908,2uky0VCI2EZni0nArOPznM,258540,7,0.456,-2.659,0.91,0.0921
Perdóname,2023-01-12 13:24,Big One,1536,3qGMeW3gOS3yeJF2nIUy1K,162586,47,0.685,-8.269,0.419,0.145
Perfect,2022-09-12 17:36,One Direction,873847,0tgVpDi06FyKpA1z0VMD4v,263400,91,0.599,-6.312,0.448,0.106
Photograph,2022-10-10 19:24,Ed Sheeran,601042,01CT2r5NLfYvtJHBFWfsXB,201432,40,0.641,-9.87,0.512,0.109
Piel,2022-07-27 21:55,Zeballos,215094,4vrN0RUZKFUGRynUoqbv4u,209463,60,0.626,-5.054,0.625,0.0778
Piel de Cordero,2022-07-27 21:52,Quevedo,5087297,04d4GpLedinwpfctvgOIhY,213647,71,0.827,-10.743,0.541,0.0948
Piensan,2023-04-09 13:57,Haze,5209262,0i9oiUkWOgvtnjkr0fa3XN,173451,58,0.677,-4.443,0.722,0.11
Pierre,2022-10-11 18:05,Ryn Weaver,204162,2vpVR1L7Qfkd7D6qFNuorq,202733,62,0.607,-4.282,0.827,0.719
Pininfarina - Remix,2022-06-28 18:33,Rei,1639030,1mVLbFwad1wce7mAhFw2Ih,260787,66,0.748,-6.239,0.767,0.108
Pistola,2022-11-16 01:48,L-Gante,29653,2OEVXCvrzJfpZaIPwsR99i,157369,0,0.772,-7.512,0.596,0.105
Plan A,2022-06-02 00:57,Paulo Londra,81086,2gpQi3hbcUAcEG8m2dlgfB,178202,71,0.583,-4.875,0.834,0.0658
Po' encima (feat. Bryant Myers),2022-08-22 02:40,Arcángel,127509,7sWdGtYvzlzuQRAoZ7fGeO,211408,66,0.789,-6.431,0.77,0.64
Por Amarte Así,2023-01-12 10:23,Cristian Castro,729258,2bvO1KXbUd4vySCWGNqIIa,272200,73,0.61,-5.881,0.637,0.0952
Por Eso Vine,2022-07-30 14:32,Paulo Londra,178534,5qN1G8fSHq4Sv5FRoOkNGu,178534,75,0.76,-5.048,0.646,0.0905
Por Fin Te Encontré,2022-10-07 14:17,Cali Y El Dandee,250836,2DAULesb1U4Qz4FSTZpEUJ,250836,72,0.645,-3.679,0.821,0.193
Por Primera Vez,2023-01-18 14:08,Camilo,144379,0gWbAFRcUyZKdfUxEOuOiD,183546,65,0.716,-3.952,0.588,0.0847
Presiento,2022-06-28 16:12,Morat,2241443,2V4hc5gplg7EXlrRUvD4rp,174379,75,0.711,-3.15,0.727,0.296
Princesa,2022-09-11 14:24,Nahuel Pennisi,1045851,1ubDiR5IoDFOk1DOtXdWfL,203520,5,0.694,-4.859,0.82,0.268
Promiscuous,2023-03-23 09:53,Nelly Furtado,243786,5eJD919nuYwUEhumI8cUiH,243293,0,0.81,-8.207,0.959,0.164
Propuesta Indecente,2023-01-09 17:45,Romeo Santos,1078823,5PycBIeabfvX3n9ILG7Vrv,235133,81,0.757,-6.83,0.632,0.0723
Protocolo,2022-06-06 13:53,WOS,4291953,1IJcROM3wuO4phCdjlEl5t,254208,52,0.549,-14.099,0.445,0.087
Pump It Up,2022-10-07 14:49,Endor,123455,0GiwV6v3AgJfdu59tj719Y,150635,73,0.899,-7.255,0.894,0.0606
Punto Y Aparte,2022-06-21 15:28,Morat,1023667,6RiV6DnCbfc0b2KbNvumdP,210048,60,0.603,-5.748,0.742,0.102
Pursuit Of Happiness - Extended Steve Aoki Remix,2023-01-18 09:04,Kid Cudi,166314,5PX4uS1LqlWEPL69phPVQQ,373626,76,0.722,-5.189,0.687,0.0462
Put Your Head on My Shoulder,2022-10-10 19:42,Paul Anka,155080,5r8cnleYmzVjuLzVRQXqbW,266866,44,0.25,-13.568,0.253,0.14
QUE PRETENDES,2022-08-19 02:47,J Balvin,23608,25ZAibhr3bdlMCLmubZDVt,222346,81,0.639,-4.443,0.791,0.362
QUEREME,2022-06-16 22:10,LOUTA,17622692,0bhWW1Bve1Ng6kEm8WjiQA,194840,69,0.795,-6.966,0.625,0.128
Querido Tommy,2022-09-12 14:39,Tommy Torres,104297,2JCXcyMXlVywgDJT86wWZW,299786,56,0.536,-6.794,0.526,0.114
"Quevedo: Bzrp Music Sessions, Vol. 52",2022-07-07 00:55,Bizarrap,23346912,2tTmW7RDtMQtBk7m2rYeSw,198937,93,0.621,-5.548,0.782,0.23
Quiero Volver,2023-03-07 18:11,TINI,122790,5NrIX1ozc9LGt19ISgPDIY,183960,6,0.672,-4.028,0.83,0.0751
Quién Diría - Versión Novela,2022-12-18 00:30,Ricardo Montaner,395061,1Vf8z4kCc1eihrxwt5lcSw,229506,0,0.521,-5.115,0.639,0.0866
Quiéreme Mientras Se Pueda,2022-09-11 14:39,Manuel Turizo,575835,34LI7rwi9H8w2S5KTHnv1M,191945,70,0.793,-3.945,0.782,0.124
Qué Más Pues?,2022-08-19 14:14,J Balvin,3476,6hf0RpxTbOprT5nnwzkk8e,217773,75,0.891,-3.964,0.819,0.173
Radar,2022-09-11 19:41,Paz Carrara,8211347,2ZrnMV7mUPqU2qPgFyEa23,162288,30,0.736,-12.241,0.337,0.149
Rattle,2023-01-18 09:00,Bingo Players,122154,3uXzBSx2eMKRTEP46SZ2fC,287183,61,0.744,-4.8,0.957,0.352
Real G,2022-12-09 18:23,Bad Gyal,965977,6WU2eYUtOL91iROonROPyh,191693,67,0.662,-5.854,0.828,0.423
Reasons,2023-03-23 09:57,Khalid,1727,5hrT5sukNbTb6xKPyYdo0I,232024,49,0.76,-7.838,0.497,0.0885
Rebota,2022-08-19 14:18,Guaynaa,1215,6V6SZ4JbgtGF8owOpUqOah,176259,0,0.939,-4.162,0.753,0.169
Recuerdo,2023-03-07 22:34,TINI,204160,3DjInVTE03icrWsq2UZV9n,200960,8,0.797,-4.317,0.639,0.0589
"Red Light Green Light - For Club Play Only, Pt. 6",2022-10-07 14:45,Duke Dumont,514428,5D1zGVDJTOqwaGSzYw5TtP,211208,64,0.811,-5.48,0.825,0.0689
Red Red Wine,2022-10-10 19:45,UB40,2969966,4uOKFydzAejjSFqYbv1XPt,183733,76,0.857,-8.53,0.468,0.269
Reggaeton,2022-08-19 14:14,J Balvin,1301,2D3z17LBMJ2HEHeBFFjTLi,158800,68,0.747,-4.325,0.74,0.101
René,2022-10-07 10:09,Residente,457358,6gm12xlADJwiBbHIKBXzGW,457591,67,0.486,-9.326,0.388,0.196
"Residente: Bzrp Music Sessions, Vol. 49",2022-06-23 23:56,Bizarrap,520867,2dG9k8jtnkjzJjUToz9i9i,519289,68,0.586,-2.997,0.74,0.11
Respirar,2022-08-18 14:56,Bebe,1276840,5HFOgL611IRiarTnoKyP4C,184973,1,0.587,-5.932,0.689,0.0576
Respuesta Cero,2022-09-25 04:06,Quevedo,6194114,07piZvs54drv7466oPLTt0,203951,65,0.625,-7.079,0.523,0.106
Rock DJ,2022-06-02 21:33,Robbie Williams,378658,4pbyDPjFgfPqFTcIMC8xpK,258560,71,0.708,-4.264,0.772,0.467
Rockstar,2022-10-18 16:09,Duki,778030,3RlsVPIIs5KFhLFhxZ4iDF,252040,72,0.616,-3.004,0.91,0.343
Rompe RKT - Remix,2022-10-27 15:11,Tomy DJ,831341,5QI329v4FeKyt7pXBYw4cs,151824,55,0.848,-3.052,0.793,0.0951
Ropa Cara,2023-01-18 13:30,Camilo,163320,7BIy3EGQhg98CsRdKYHnJC,163320,62,0.813,-4.787,0.526,0.11
Rottweiler,2022-08-24 16:01,Zeballos,145000,2pOK2GCkKvGamvVG9WgNpX,145000,49,0.682,-4.027,0.647,0.0957
Rumour Has It,2022-09-09 23:40,Adele,223266,2A73XBDBQgmdXO8VsXPWIs,223266,69,0.612,-5.014,0.749,0.167
Runaway,2022-09-10 14:33,AURORA,453063,1v1oIWf2Xgh54kIWuKsDf6,248826,79,0.422,-9.214,0.302,0.104
Rutina,2023-03-23 09:53,Myke Towers,3050,3YntiCUU0Xqq0B68FM3YAt,217226,57,0.834,-2.799,0.75,0.263
Ríos de Sal,2022-07-23 18:39,Tiago PZK,4275738,2haESupHHRYzhJOg5wcgTf,204170,53,0.592,-8.605,0.54,0.264
SHORTY QUE TE VAYA BN <3,2022-07-17 19:49,Rels B,9231193,3CQDFLetMMxD5hzAnUk410,219681,75,0.68,-6.748,0.527,0.115
SIN SEÑAL,2022-09-22 21:45,Quevedo,10932245,1Y62KpDaP5MEL43ZcI6IaG,185084,75,0.822,-3.314,0.851,0.105
SOLO POR VOS,2023-02-28 02:46,Trueno,3456,5Ejw3lC6Srj8VK4fHgTZAi,199825,61,0.697,-8.149,0.525,0.103
SORRY PAPI,2022-09-04 17:15,Bad Bunny,1211636,5jZ32WOU7sqzDYbzINwMUk,163053,73,0.612,-6.054,0.561,0.145
STAY (with Justin Bieber),2022-08-28 03:20,The Kid LAROI,5588,5HCyWlXZPP0y6Gqq8TgA20,141805,87,0.591,-5.484,0.764,0.103
Sal y Perrea - Remix,2022-08-22 13:32,Sech,197908,1mG8VynhqySA52bALfYrvO,226500,62,0.819,-0.521,0.955,0.289
Salgo Pa' la Calle,2022-06-02 21:26,Daddy Yankee,48943,5hpwyyJJ2JyozFVVRJsfLp,267746,68,0.434,-5.636,0.765,0.185
Salimo de Noche,2022-06-10 18:43,Tiago PZK,1088863,6P096SaOzrgGxs8NWOfX7M,177857,69,0.669,-4.177,0.628,0.124
Santo Grial,2023-01-27 10:54,Dano,1283903,5glEywhgiNEk1GbEqcWfiO,351768,54,0.519,-8.076,0.75,0.258
Se Le Ve,2022-08-17 15:26,Dímelo Flow,464222,5W1qmxHrMlQGGAiFA3ZQqP,277693,68,0.562,-4.367,0.755,0.143
Sex,2023-04-17 09:54,Cheat Codes,8960,2jfmh71b4cFtelf8KOJT60,228361,0,0.51,-5.825,0.692,0.138
"Shakira: Bzrp Music Sessions, Vol. 53",2023-01-12 08:12,Bizarrap,4631897,4nrPB8O7Y7wsOCJdgXkthe,214945,94,0.778,-5.6,0.632,0.0915
Shape of You,2023-03-02 19:32,Ed Sheeran,136834,7qiZfU4dY1lWllzX7mPBI3,233712,89,0.825,-3.183,0.652,0.0931
She Don't Give a Fo,2022-06-02 01:19,Duki,4998990,03a359wbiUsjN9h6yzXvmS,209531,79,0.854,-4.49,0.556,0.165
Si Estuviésemos Juntos,2022-07-27 22:04,Bad Bunny,1557538,35wvL50xvKpCHEJPxLOLPI,169247,83,0.672,-6.813,0.594,0.152
Si Quieren Frontear,2022-06-10 20:50,Duki,5153978,6bQ5823aHmFVKLZW8E7rRo,200337,70,0.789,-3.247,0.837,0.209
Si Se Da,2023-03-27 09:59,Myke Towers,2175,5KbBGUpIZd6gVFUU8tqYiQ,237013,63,0.83,-5.523,0.71,0.0877
Si Se Da - Remix,2022-08-22 12:37,Myke Towers,521978,6K5BsR04ijf3FHNzjbaagD,332240,78,0.817,-5.612,0.672,0.13
Sick Of Being Told,2023-01-12 13:38,Grace VanderWaal,231453,4nOKwZf1XRw2gI4FGAGhXf,231453,36,0.868,-6.222,0.634,0.171
Sign of the Times,2023-03-11 15:45,Harry Styles,340706,5Ohxk2dO5COHF1krpoPigN,340706,86,0.516,-4.63,0.595,0.109
Sigue Bailandome,2022-09-08 15:06,Yannc,704882,0GmiGIxXDNrePrHBpijYDp,352441,75,0.799,-7.252,0.69,0.143
Silencio,2022-09-12 00:05,Francisco Paseyro,252703,4LgmxWObE05d1imrcLHDie,228879,19,0.71,-6.15,0.466,0.16
Sink,2022-07-17 20:12,Noah Kahan,648411,3EIaMTBMRM42nbEROLg7cZ,227066,44,0.568,-8.365,0.494,0.109
Sirenas,2022-09-13 18:51,Taburete,379226,4unOsvr9C2NqI9aJXrxpCy,184250,2,0.686,-6.249,0.574,0.109
Skin,2022-09-09 22:58,Sabrina Carpenter,265892,03B2SfXuvDh1m9F4tqrX07,177500,68,0.557,-5.372,0.457,0.0567
Skinny Love,2023-05-15 17:47,Birdy,374096,4RL77hMWUq35NYnPLXBpih,201080,73,0.379,-8.485,0.29,0.118
Small Worlds,2022-11-23 15:31,Mac Miller,214681,4gT3mNJA8lnlkYFqGZ8IA2,271733,80,0.516,-9.105,0.546,0.0995
Snow (Hey Oh),2023-05-11 15:11,Red Hot Chili Peppers,351978,2aibwv5hGXSgw7Yru8IYTO,334666,81,0.427,-3.674,0.9,0.119
Sobredosis (feat. Ozuna),2023-01-09 17:43,Romeo Santos,1126265,1WbXIpiGBJkCiv3hn40iPB,198332,77,0.759,-8.085,0.639,0.23
Sola - Neuen Live Sessions - En Vivo,2022-06-07 10:28,Tiago PZK,2672487,4P1T0qUkqIVuByWA8i1SQV,196600,57,0.445,-7.433,0.608,0.101
Solamente tú,2023-01-29 13:45,Pablo Alborán,598289,7sRXhReWmJF5pqyg3uUTES,247186,73,0.519,-6.276,0.419,0.161
Some People Say - Radio Edit,2023-01-18 08:58,Semedo,2240,5GCdBZ6QzW3lWbMJEwYx6k,177432,58,0.873,-5.488,0.797,0.398
Someone You Loved,2022-10-11 17:48,Lewis Capaldi,2410,5aQDkvNNDDfwD2XHtW9xjq,148219,58,0.631,-6.125,0.355,0.124
Something in the Orange,2022-09-10 15:49,Zach Bryan,3529602,3WMj8moIAXJhHsyLaqIIHI,228013,89,0.369,-12.151,0.192,0.0954
Sonreír - Versión Acústica,2022-09-10 22:36,KURT,741248,6bK1Dzmy41YKrGVitOejNu,208729,45,0.886,-7.243,0.483,0.0681
Soy,2022-10-05 21:06,Cruzando El Charco,198868,2eucmvlETqs4wRhvvThfEm,191530,0,0.672,-8.348,0.654,0.357
Stay,2022-09-08 23:19,Miley Cyrus,1100781,0Ohi2pjBS1yak2BSgJRaIs,261906,58,0.583,-4.836,0.698,0.118
Stick Season,2022-08-06 02:09,Noah Kahan,6374922,0GNVXNz7Jkicfk2mp5OyG5,182346,73,0.664,-6.935,0.5,0.0966
Stitches,2023-03-23 09:57,Conor Maynard,1877,2I8Z8AjStXpjXowdnrwePA,162000,50,0.612,-10.788,0.244,0.102
Stolen Dance,2022-10-07 14:55,Milky Chance,782273,2jiPHbFX5XM8TjaTfYJ0eo,313684,4,0.885,-8.813,0.581,0.0759
Stop It,2023-01-18 08:56,FISHER,7061,4qetR2UUyBeUrJ9DbYrpVQ,163790,71,0.86,-7.207,0.824,0.205
Story of My Life,2022-09-10 14:25,One Direction,149802,4nVBt6MZDDP6tRVdQTgxJg,245493,85,0.6,-5.802,0.663,0.119
Strong,2022-09-13 10:16,One Direction,1718,4LduFQwF11Mno3x9FsfoJH,194053,0,0.257,-6.421,0.574,0.371
Supermarket Flowers,2023-05-12 10:12,Ed Sheeran,359618,4VuS959DSpr82t3qBqCrWG,221106,77,0.589,-10.517,0.242,0.0887
Sweet Caroline,2023-05-15 10:09,Neil Diamond,602367,3zByVQLvdXUaDTubfWkpCk,203573,0,0.529,-16.066,0.127,0.237
Sweet Creature,2023-05-15 17:14,Harry Styles,1205929,5kRPPEWFJIMox5qIkQkiz5,224866,77,0.427,-8.541,0.262,0.068
Sweet Home Alabama,2023-05-11 17:14,Lynyrd Skynyrd,726613,7e89621JPkKaeDSTQ3avtg,283800,84,0.596,-12.145,0.605,0.0863
Sé Que Te Duele,2022-06-21 15:31,Alejandro Fernández,2722161,5vZfgeDfNhlkKeJqjzSAmg,228146,0,0.682,-4.711,0.858,0.104
Súbelo,2022-08-18 17:24,Anuel AA,722292,3fHEwAssCgM4wJYdjT5Ch0,239797,69,0.625,-4.158,0.754,0.109
T.T.I.,2022-08-18 14:28,Rauw Alejandro,565024,4gPpYLervKt4cXmhUjpYLj,154093,65,0.764,-5.929,0.701,0.0852
TERRAZA,2022-06-08 21:05,WOS,8186851,6cLWKCBNawunqBHmyzdG7v,234949,0,0.7,-9.327,0.652,0.123
TUS LÁGRIMAS,2022-06-02 00:57,Mora,3112145,30W8VKHrAZmHzObnwAoc1u,174482,76,0.683,-4.898,0.714,0.111
"Taki Taki (with Selena Gomez, Ozuna & Cardi B)",2022-08-22 02:38,DJ Snake,1983,4w8niZpiMy6qz1mntFA5uM,212500,79,0.842,-4.167,0.801,0.0642
Tal Vez,2022-06-22 13:48,Paulo Londra,512440,46lvmzK8wxAy66tjzXXSh0,264483,65,0.849,-2.899,0.655,0.0781
Talking to the Moon,2022-09-10 14:25,Ashley Marina,193272,1wVuPmvt6AWvTL5W2GJnzZ,217866,78,0.498,-4.721,0.59,0.107
Talking to the Moon - Acoustic Piano,2023-01-09 16:42,Bruno Mars,50881,6YKT5HoPwjTwhHiCNQsBMK,217753,56,0.361,-6.472,0.332,0.107
Tamagotchi,2023-02-13 09:50,GUNTTER,4082951,0ztgfQJ8raYUjuuJC8Ik42,151000,38,0.87,-8.716,0.664,0.141
Te Amo,2022-07-09 03:43,Makano,183360,2RVrdr062uLFxXwIxwdXPH,201122,77,0.849,-4.139,0.724,0.235
Te Amo en la Distancia,2023-01-12 13:24,Piso 21,1194,5GTcftLHMUB2vx35YjKRNV,191133,0,0.292,-5.9,0.486,0.192
Te La Dedico,2023-03-05 17:48,Jay Wheeler,2267175,6z3IrUfL5HxmpH0Xt84Es8,231724,57,0.783,-10.547,0.241,0.121
Te Mentiría,2022-08-01 13:04,La K'onga,504184,3LSRGvBWTdnUBJC32oBFnZ,227800,55,0.748,-8.131,0.718,0.241
Te Mentiría Remix,2022-06-02 21:33,Luck Ra,1542063,1txrFHh4XUU3Kp8HcD2TFW,172259,66,0.739,-3.057,0.751,0.128
Te Olvidaré,2023-03-08 09:45,TINI,1363852,4jrZI0XdexLjrHlBwLbhzL,185426,59,0.684,-3.681,0.87,0.347
Te Quiero Más,2023-03-07 17:49,TINI,212447,6fUxjpkdzip1MObtLaSgKQ,205173,7,0.881,-3.747,0.848,0.272
Te Robo,2023-01-12 13:24,Fer Palacio,917,0GgKQVNOLLfgSg2RzH5Gz8,184812,23,0.591,-5.647,0.749,0.032
Te Voy A Amar,2022-12-18 14:12,Axel,136021,0lAclTF9UMJEfniMYeGi9m,253240,0,0.604,-5.87,0.483,0.107
Tear in My Heart,2023-03-24 19:24,Twenty One Pilots,118997,3bnVBN67NBEzedqQuWrpP4,188493,76,0.655,-4.802,0.632,0.0722
"Tengo 30 (feat. Duki, Cazzu, Neo Pistea & Tali Goya)",2022-10-20 15:43,KHEA,305143,3R1yxKhYKoXqaztyQflEH8,269538,56,0.803,-6.243,0.533,0.391
Tengo Tu Love,2022-09-11 13:49,Sie7e,794911,2hgzokI1dOZAxs5PUG0gBT,231573,64,0.702,-8.111,0.741,0.117
Tequila,2022-10-10 19:28,Dan + Shay,7176,7Il2yWQmsqKgSkLQvHTPUI,195986,65,0.474,-5.756,0.594,0.133
The Bidding,2022-10-20 11:07,Tally Hall,174087,0HBrtXJohbIW4IhPZ50GmH,160613,72,0.538,-5.261,0.607,0.0999
The Climb,2022-07-26 18:22,Miley Cyrus,1155647,5x5JM1BSB6vollcIzDocqT,234520,77,0.336,-6.354,0.602,0.141
The Game,2022-10-06 14:54,Milky Chance,185576,3SizzG7euVFFLsSkpiT6rf,213280,48,0.723,-5.281,0.768,0.0806
The Greatest Show,2022-12-28 02:16,Hugh Jackman,272618,4ylWMuGbMXNDgDd8lErEle,302146,73,0.417,-7.36,0.824,0.0725
The Time (Dirty Bit),2023-01-18 09:04,Black Eyed Peas,2304,7vWFaMq63AwkFDhS2OAg5u,307640,72,0.816,-7.798,0.813,0.602
This Is Me,2023-03-23 09:52,Demi Lovato,189173,45aBsnKRWUzhwbcqOJLwfe,234706,75,0.284,-7.276,0.704,0.0424
This Town,2022-08-28 15:49,Niall Horan,2492000,0qvzXomUDJVaUboy2wMfiS,232852,81,0.677,-8.467,0.401,0.116
Those Eyes,2022-10-05 00:34,New West,3063875,2GThBgzZoZfz0lx1JjBwfe,220750,40,0.597,-8.043,0.351,0.319
"Tiago PZK: Bzrp Music Sessions, Vol. 48",2022-06-02 00:57,Bizarrap,7872767,2Gq636OOGgxCTqEuzCZhsa,160000,10,0.656,-3.059,0.823,0.103
To Die For,2022-09-10 14:58,Sam Smith,4813,2ZTYlnhhV1UAReg7wIGolx,193795,68,0.483,-7.889,0.361,0.098
Tokyo Drift,2022-10-07 14:11,businessman,31278,20WcuVfTh0QFkIsJUncdON,222857,2,0.844,-4.851,0.767,0.166
Told You So,2022-09-26 23:08,Little Mix,135104,3Mvd9KPeMf2YQa1MiQGKmV,192853,50,0.666,-5.335,0.432,0.0703
Tough (feat. Noah Kahan),2022-07-17 20:06,Quinn XCII,712532,3a1Zmq0P1E6W80x8EOcVNP,178133,60,0.729,-7.047,0.571,0.111
"Trueno: Bzrp Music Sessions, Vol. 16",2022-07-12 18:20,Bizarrap,101738,7ouulWlZPefmEIGYWNyiPH,158983,62,0.726,-7.678,0.602,0.0827
Truth Hurts,2023-05-12 10:14,Lizzo,12457,5qmq61DAAOUaW8AUo8xKhh,173325,63,0.715,-3.046,0.624,0.123
Tu Pollo,2022-08-18 14:31,Justin Quiles,553470,6XSzJ3PyaVHjyTuFvnCLlE,184490,58,0.535,-2.852,0.862,0.257
Tu Sin Mi,2022-10-12 22:23,Dread Mar I,3204,0Emn4SJi0WQ3G2KGGNcPdg,231305,0,0.545,-3.834,0.817,0.0922
Tu ingratitud,2023-03-24 19:22,La Champions Liga,3258,44Whu9jpqX07oJImn5WsTA,200266,12,0.645,-7.004,0.464,0.213
Tu jardín con enanitos,2023-03-20 22:30,Melendi,328054,6yCjU5j6YHbux2VQCBTTE1,236975,74,0.721,-4.457,0.834,0.104
"Tumbando el Club (feat. C.R.O, Obiewanshot, YSY A, Cazzu, Khea, Lucho SSJ, Coqeéin Montana, Marcianos Crew & Duki) - Remix",2022-10-27 13:39,Neo Pistea,983866,0OWcpVA83HI8Pb5DybDuoX,456939,68,0.882,-4.445,0.777,0.135
Two Ghosts,2023-03-11 15:54,Harry Styles,229813,4B1rpPmQXwj78wk6aIGwwU,229813,73,0.386,-7.095,0.407,0.0999
Tú,2023-01-12 10:29,Shakira,805789,7xX3wvvcZvxGCa06KlgTCp,204746,74,0.805,-5.627,0.744,0.277
Tú no me conoces,2023-03-23 09:58,Danny Ocean,149767,2ENHU0Zzp2BwZLr3Cyesc1,149787,58,0.785,-6.603,0.654,0.103
ULTRA SOLO,2022-06-02 00:57,Polimá Westcoast,4975122,0OTNHGKcqQbk51bOYe462Y,227220,78,0.802,-4.495,0.846,0.114
Un Año,2022-09-08 23:14,Sebastian Yatra,667251,5BDP2tky8oMQJPS33frKVp,164440,69,0.771,-6.808,0.382,0.104
Un Beso en Madrid,2022-07-26 03:31,TINI,1120569,0KTwYI4vwidX9qip7ViAEQ,143197,10,0.358,-6.794,0.618,0.596
Un Día Más,2022-09-25 16:29,Emporio,193872,0fvcv2fMSlI6ZyoKOaN7aQ,199640,0,0.567,-7.312,0.471,0.1
Una Vaina Loca,2022-07-09 03:58,Fuego,1485225,2qEoAz0i6yEz5dPggABcLH,226187,75,0.811,-3.161,0.588,0.0929
Una Vela,2022-10-20 10:21,Intoxicados,32208,5TQlPe23rDgLkgbpEgWUnI,273280,55,0.821,-8.707,0.689,0.454
Unfollow,2022-07-12 18:18,Duki,1106079,7hQ7cmGKutObir5aHjkHPH,201120,41,0.536,-4.802,0.693,0.107
Up All Night,2022-09-12 15:46,One Direction,194693,1mpD5Q8IM32I4bF6eCpU74,157220,65,0.665,-7.536,0.712,0.102
Upside Down,2022-07-17 20:00,Jeremy Zucker,338772,3vzT5SNVL3vaDeAgnG9QhF,169386,42,0.666,-10.246,0.404,0.198
Use Somebody/Treat You Better - MTV Unplugged,2022-10-07 14:07,Shawn Mendes,81623,19hH4yie18qtWBgebMJOGg,316440,0,0.328,-8.053,0.534,0.586
VISTA AL MAR,2022-09-22 21:42,Quevedo,16652534,7iwJOi3hlMqZt6pj1sQOBj,180672,79,0.759,-5.643,0.561,0.101
VIVIR ASÍ ES MORIR DE AMOR,2022-08-13 04:45,NATHY PELUSO,1029516,75HnDKDqsmEzdOKFWe5FZS,257379,68,0.62,-5.514,0.803,0.1
Vas A Quedarte,2023-01-18 11:44,Aitana,1096331,2b3JxLi8KAiOsD8ehnOxDZ,226213,54,0.395,-3.522,0.508,0.0627
Venganza,2022-06-23 23:19,No Te Va Gustar,1642750,0QBMEboyu2DxFTKGbI5nl7,202376,59,0.51,-6.454,0.862,0.235
Verano,2022-10-09 17:43,Valen,1462,5NgHXu1HYcOFRcYpsrs6cT,185170,50,0.811,-2.721,0.806,0.128
Vida Gangster,2023-02-02 12:35,Lauty Gram,8136301,4I4FFtKZLtyqw4he9pPtL7,170058,81,0.693,-5.209,0.756,0.135
Viejo,2022-09-10 22:29,Las Pastillas del Abuelo,708657,2zelxGjN9WAtjWyOZy2JyX,238986,0,0.674,-9.846,0.679,0.297
Volando - Remix,2022-11-16 01:53,Mora,1580084,0G2zPzWqVjR68iNPmx2TBe,273474,81,0.659,-4.649,0.688,0.113
Volar,2022-09-12 00:13,Macaco,298418,2W7dvnZHuATpy9jKot6wS3,211293,52,0.719,-7.063,0.546,0.116
Volare,2022-07-11 05:21,Danny Ocean,3335911,6TCnhziFkBPhOTqvh8zVDU,147598,68,0.753,-3.715,0.733,0.398
Volaré,2022-08-30 13:55,Benjamín Amadeo,206013,34mvkVskpYxe7CfkEs3XCY,206013,55,0.63,-5.8,0.713,0.185
Volví a Nacer,2023-01-18 11:32,Carlos Vives,222213,6Al0Kpd4VrRZ0Z4kTThNPa,222213,71,0.588,-4.172,0.812,0.111
Vuelve,2022-08-13 04:08,Danny Ocean,1185499,3wGRfBDRNQb0nFDFrUPvq6,225213,69,0.692,-6.077,0.49,0.109
Vámonos,2022-08-26 15:33,Benjamín Amadeo,167555,4Uc8YalUCcHZtZK25oB4Fy,142212,44,0.501,-8.199,0.562,0.0692
Vámonos a Marte,2022-09-10 16:49,Kevin Kaarl,374091,2TzkIzgzIHhewMxyh1u4hh,179094,78,0.675,-11.667,0.16,0.164
WHEN I WAS OLDER - Music Inspired By The Film ROMA,2023-03-20 18:36,Billie Eilish,270519,7tGEAA1f8MydT7eVbbO9Zy,270519,65,0.696,-12.834,0.332,0.0848
WITHOUT YOU,2022-10-07 14:27,The Kid LAROI,161384,27OeeYzk6klgBh83TSvGMA,161384,30,0.662,-7.357,0.413,0.134
Walking in the Wind,2022-09-10 00:03,One Direction,202640,1ZycJRpLOazlLcoFGxGROO,202640,70,0.687,-6.586,0.447,0.0878
Wao,2022-06-02 01:10,Sech,2117632,2B4nQ6yvVVBMqfgOrYtubb,178266,60,0.709,-3.349,0.595,0.134
Wapo Traketero,2022-11-23 16:10,Nicki Nicole,1444769,5ctNuquTVDsfMb9jKzsYu0,181000,63,0.759,-11.102,0.43,0.0731
We Are The Champions - Remastered 2011,2023-05-12 10:16,Queen,170478,1lCRw5FEZ1gPDNPzy1K4zW,179200,77,0.268,-6.94,0.459,0.118
We Don't Have To Take Our Clothes Off - Remastered 2015,2023-03-05 02:33,Ella Eyre,1373341,49GpGYGli1xcxovgYf0k4c,236293,69,0.56,-9.317,0.17,0.107
What About Us,2023-03-27 16:21,P!nk,20096,2YgELZy2uB3JbIOxqIY6iD,221906,0,0.705,-7.865,0.582,0.192
When I Look At You,2022-06-28 21:52,Miley Cyrus,1266836,6ZfXA2xakAvphXOSOJ3u1W,248586,72,0.459,-4.874,0.545,0.105
Wolves,2022-09-13 10:03,One Direction,18993,7EmGUiUaOSGDnUUQUDrOXC,197993,0,0.715,-4.647,0.802,0.177
Wos VS. Aczino - Final (Live),2023-01-12 13:24,Red Bull Batalla,426,2jOMV8s95OwdmgCQM9mYci,647898,34,0.538,-5.631,0.859,0.959
Would You Mind,2022-10-08 05:09,PRETTYMUCH,3562,7qgMAncPInQs7YxUN4jppy,179689,8,0.645,-4.929,0.753,0.0685
X,2022-09-08 23:36,Nicky Jam,172854,39N9RPD9MRb5WmoLzNzPeA,173627,1,0.595,-4.736,0.773,0.334
Y Yo No Sé,2023-04-20 09:45,Paulo Londra,190497,5tCIr5bTv77OTVBvwLtlSM,190497,60,0.845,-2.068,0.553,0.184
Ya Me Enteré,2022-06-21 15:06,Reik,408346,0lPXFrKyl8HkdQ2E6NmNja,204173,78,0.619,-5.449,0.452,0.122
YaMeFui,2022-08-02 14:16,Bizarrap,1702897,42ahuAFlYGjIGBpVdHcLij,182594,69,0.785,-4.76,0.644,0.275
Yay,2022-08-11 14:52,Nines,1328240,4vXzVpUyvycqpJV5sE1QuT,194823,60,0.382,-6.299,0.731,0.136
"Yo Contigo, Tú Conmigo - The Gong Gong Song / El Tema De La Película ""Gru 3 Mi Villano Favorito""",2023-05-11 10:33,Morat,310522,63udHMyYjnnnojax4x26tO,177946,0,0.729,-6.87,0.667,0.0657
"Yo x Ti, Tu x Mi",2022-08-19 13:18,ROSALÍA,1536,7BlBVFwvbWvcwNcUarQmjk,201040,77,0.78,-3.292,0.759,0.143
You're Beautiful,2023-01-09 18:21,James Blunt,1475883,0vg4WnUWvze6pBOJDTq99k,209493,78,0.675,-9.87,0.479,0.088
You're Gonna Live Forever in Me,2023-01-12 13:07,John Mayer,190013,51lPx6ZCSalL2kvSrDUyJc,190013,78,0.542,-14.104,0.131,0.156
Young Blood,2022-09-01 01:11,Noah Kahan,208533,20OrSCxQNhfAtiWtbLn3hf,208853,0,0.569,-8.27,0.464,0.152
Young Dumb & Broke,2022-10-20 11:21,Khalid,202546,5Z3GHaZ6ec9bsiI5BenrbY,202546,83,0.799,-6.351,0.539,0.165
Younger Now,2023-01-09 18:23,Miley Cyrus,896,2fGxYYMQbVqgIdaqfz2OwA,248773,60,0.548,-4.881,0.873,0.138
Zafar,2022-10-05 20:35,La Vela Puerca,271380,0ZYcjnsXrs7BxWGnU0uVeV,262000,0,0.664,-5.291,0.455,0.108
"always, i'll care",2022-09-10 14:09,Jeremy Zucker,146160,0rbKrBvZUYY9GN9l057BuY,146160,74,0.732,-12.623,0.221,0.11
bad guy,2023-03-20 18:29,Billie Eilish,188463,2Fxmhks0bxGSBdJ92vM42m,194087,85,0.701,-10.965,0.425,0.1
bad guy (with Justin Bieber),2022-10-06 15:01,Billie Eilish,89408,3yNZ5r3LKfdmjoS3gkhUCT,194839,68,0.67,-11.265,0.453,0.117
blazed (feat. Pharrell Williams),2022-09-09 14:56,Ariana Grande,6673,4mLkiFppf8Xvem6BSY34qw,196360,56,0.795,-6.348,0.759,0.0805
breathin,2022-10-05 13:50,Ariana Grande,24234,4OafepJy2teCjYJbvFE60J,198160,73,0.568,-5.413,0.656,0.213
changes,2022-10-10 21:15,XXXTENTACION,121886,7AFASza1mXqntmGtbxXprO,121886,80,0.669,-10.068,0.308,0.0984
comethru,2023-03-24 18:37,Jeremy Zucker,60461,18uwL0vNUanqZH0ro2QcOP,181613,79,0.795,-11.991,0.178,0.623
die first,2022-07-06 21:18,Nessa Barrett,3781295,21szgNA72iLwvBxHQLgwBh,177108,70,0.444,-6.727,0.669,0.124
drivers license,2022-06-28 19:37,Olivia Rodrigo,3155824,7lPN2DXiMsVn7XUKtOW1CS,242013,29,0.585,-8.761,0.436,0.105
enough for you,2022-06-28 21:36,Olivia Rodrigo,2894860,2TOzTqQXNmR2zDJXihjZ2e,202826,77,0.638,-10.706,0.259,0.219
feel like shit,2022-09-09 23:05,Tate McRae,408628,2EBnvom1dTybtm75a3Xh1T,204314,69,0.508,-7.158,0.378,0.119
"fuck, i’m lonely - stripped",2023-03-24 19:22,Lauv,187333,7ewJnOo2axdRsQhEwR9i9x,187333,0,0.735,-6.842,0.378,0.0737
good 4 u,2022-06-28 21:32,Olivia Rodrigo,2443741,6PERP62TejQjgHu81OHxgM,178147,24,0.556,-5.052,0.661,0.101
"i hate u, i love u (feat. olivia o'brien)",2022-10-13 22:50,gnash,103765,7vRriwrloYVaoAe3a9wJHe,251033,79,0.492,-13.4,0.275,0.101
la balada,2022-06-02 02:39,Emilia,2462523,5hgjF68xugLDOyLSjfe8QN,165959,59,0.687,-5.548,0.352,0.0784
lo que hay x aquí,2023-03-11 14:42,Rels B,5748554,5IlLm20JXhKbMtsH20NblC,155031,83,0.807,-7.112,0.49,0.502
love nwantiti (ah ah ah),2022-06-28 20:08,CKay,473550,2Xr1dTzJee307rmrkt8c0g,145800,84,0.727,-3.805,0.739,0.161
ocean eyes,2023-03-27 23:32,Billie Eilish,200379,7hDVYcQq6MxkdJGweuCtl9,200379,83,0.511,-7.65,0.363,0.084
qué le pasa conmigo?,2023-04-20 09:39,Nicki Nicole,4633106,4TrYGTVgWOe2s3ZPn5qFTa,167251,82,0.833,-5.945,0.582,0.0759
scared,2023-03-24 20:36,Jeremy Zucker,28382,6r2JV75tE0vNgNCv4HKsBC,207520,64,0.583,-15.843,0.075,0.111
supercuts,2022-09-10 13:52,Jeremy Zucker,5226,4PyMK7JTcu6l30D8KogokR,206599,62,0.807,-8.193,0.539,0.0928
that way,2022-09-09 23:17,Tate McRae,365198,7l97ElWmIdVHWUaOeeU5ZC,175026,79,0.453,-11.015,0.383,0.387
you were good to me,2022-09-10 15:24,Jeremy Zucker,171349,4CxFN5zON70B3VOPBYbd6P,219146,76,0.561,-15.099,0.0848,0.112
"¿CÓMO TE VA, QUERIDA?",2022-07-30 14:20,Rels B,3035622,1uiX0bdc2sPHcL1k02bC2G,206943,47,0.919,-5.606,0.587,0.34
¿Qué Ganas?,2022-07-04 17:11,Morat,2910284,24O1dTyT0zcs4fnQHm6OQB,212225,66,0.569,-6.945,0.562,0.103
